73500,2019-10-14,Двусторонний,Четыре года,Действительный,226034,134961,55.00.00,51896
16349,2020-03-07,Двусторонний,Пять лет,Действительный,441004,996581,55.05.03,55162
44881,2018-06-28,Двусторонний,Полгода,Недействительный,474617,446209,26.05.02,51144
91972,2015-12-16,Двусторонний,Пять лет,Действительный,722541,697632,24.05.07,56338
86087,2019-12-14,Двусторонний,Четыре года,Недействительный,236142,593114,11.00.00,50728
28198,2018-07-09,Двусторонний,Пять лет,Недействительный,757602,287986,17.00.00,57826
85754,2020-03-14,Двусторонний,Год,Недействительный,854352,976688,23.05.01,51434
10112,2018-09-15,Двусторонний,Шесть лет,Действительный,426406,528991,24.00.00,59134
83334,2019-11-17,Трехсторонний,Пять лет,Действительный,718882,400885,20.05.01,59110
10563,2017-06-22,Трехсторонний,Полгода,Недействительный,875519,733063,54.05.03,54328
31050,2020-05-15,Трехсторонний,Четыре года,Действительный,854797,311105,45.05.01,58659
31971,2019-11-27,Трехсторонний,Год,Недействительный,495865,448680,24.05.07,59372
18390,2018-07-16,Двусторонний,Полгода,Недействительный,949231,837731,56.05.05,59900
64540,2016-01-30,Двусторонний,Пять лет,Действительный,970321,166673,54.00.00,50156
38576,2019-06-19,Трехсторонний,Шесть лет,Действительный,562995,732807,23.00.00,59711
73718,2017-04-08,Трехсторонний,Четыре года,Действительный,237305,740889,52.05.04,56638
48513,2019-01-21,Двусторонний,Полгода,Недействительный,444613,819320,24.05.05,54272
82646,2015-09-19,Двусторонний,Четыре года,Действительный,822196,721459,17.05.01,59054
27554,2017-05-18,Трехсторонний,Четыре года,Действительный,931821,407657,33.05.01,57443
45326,2018-04-28,Двусторонний,Шесть лет,Недействительный,558521,592537,10.05.05,59878
16006,2015-09-20,Двусторонний,Шесть лет,Недействительный,591910,801007,21.05.05,56582
38954,2016-04-05,Двусторонний,Пять лет,Действительный,635532,366038,23.05.06,58433
22916,2016-10-19,Трехсторонний,Четыре года,Недействительный,615003,786786,11.00.00,57856
51682,2016-03-19,Двусторонний,Год,Действительный,664039,573663,30.05.02,53706
12127,2016-02-07,Двусторонний,Пять лет,Действительный,785384,906204,05.05.02,57856
97280,2019-10-02,Двусторонний,Полгода,Действительный,371611,415749,24.05.03,53472
20578,2019-01-20,Двусторонний,Полгода,Недействительный,539393,849277,37.05.01,56307
12351,2017-10-08,Трехсторонний,Полгода,Недействительный,285698,497117,10.05.06,52741
56176,2019-08-12,Двусторонний,Год,Недействительный,415645,371309,24.05.07,57933
84755,2019-05-17,Трехсторонний,Год,Недействительный,579561,140028,30.00.00,51430
15732,2017-02-09,Трехсторонний,Полгода,Действительный,977577,922614,21.05.02,50917
35742,2019-01-31,Трехсторонний,Полгода,Действительный,244526,983843,26.05.05,51444
12824,2020-08-12,Двусторонний,Шесть лет,Действительный,733451,600905,55.05.03,54916
66300,2016-11-10,Трехсторонний,Пять лет,Недействительный,616496,884585,11.05.03,55668
49113,2019-06-19,Трехсторонний,Четыре года,Недействительный,557958,485586,10.05.07,50342
47212,2018-03-20,Трехсторонний,Полгода,Недействительный,855800,677445,27.00.00,54009
29361,2020-01-13,Трехсторонний,Полгода,Действительный,317053,110781,38.05.02,51692
40421,2020-04-22,Двусторонний,Шесть лет,Недействительный,510383,432929,08.00.00,55948
58494,2020-09-05,Двусторонний,Шесть лет,Недействительный,702291,421515,16.00.00,50321
50787,2016-05-04,Трехсторонний,Шесть лет,Недействительный,874843,761451,04.05.01,55234
61081,2019-11-02,Трехсторонний,Четыре года,Действительный,135590,917671,21.05.03,58164
94638,2016-12-03,Трехсторонний,Полгода,Действительный,557949,418426,24.05.07,51900
24803,2016-11-05,Трехсторонний,Четыре года,Действительный,684758,501186,15.00.00,54021
72744,2017-07-04,Трехсторонний,Полгода,Недействительный,941740,142289,13.05.01,54055
49144,2017-05-26,Двусторонний,Год,Действительный,205569,545404,37.00.00,59852
63565,2020-02-26,Трехсторонний,Год,Действительный,859794,643126,21.05.05,56461
35280,2016-08-20,Трехсторонний,Полгода,Недействительный,353331,857416,03.00.00,54368
89883,2017-01-09,Двусторонний,Полгода,Действительный,970966,283094,24.05.05,51220
59867,2017-04-02,Трехсторонний,Год,Действительный,510383,346513,23.05.01,54806
98024,2017-03-10,Трехсторонний,Полгода,Недействительный,254187,242435,21.05.03,55275
54955,2020-01-26,Трехсторонний,Пять лет,Действительный,386028,101208,44.05.01,50038
98503,2018-09-19,Трехсторонний,Год,Недействительный,796295,816619,16.05.01,58727
80521,2015-10-22,Двусторонний,Шесть лет,Действительный,185851,997689,24.05.01,53466
36538,2019-01-26,Трехсторонний,Шесть лет,Действительный,817529,624274,05.05.02,50159
85428,2020-05-23,Двусторонний,Полгода,Действительный,674234,433186,13.05.02,57003
95905,2020-05-02,Двусторонний,Шесть лет,Недействительный,329858,709800,21.05.03,53547
96153,2019-07-13,Трехсторонний,Четыре года,Недействительный,849898,393837,52.00.00,55610
88193,2016-11-12,Трехсторонний,Год,Недействительный,190027,771597,17.05.02,50628
94516,2017-06-10,Трехсторонний,Пять лет,Действительный,648874,805939,23.05.03,53613
33514,2017-08-05,Трехсторонний,Пять лет,Действительный,702307,121541,08.05.02,56416
72832,2020-06-27,Трехсторонний,Пять лет,Действительный,624355,780923,51.00.00,58232
94991,2019-05-03,Трехсторонний,Год,Действительный,950846,735478,18.00.00,51377
67548,2018-10-26,Трехсторонний,Полгода,Действительный,116671,853823,18.05.02,59279
81276,2019-12-20,Трехсторонний,Пять лет,Недействительный,720998,520821,12.00.00,55827
22031,2019-09-18,Трехсторонний,Пять лет,Действительный,448705,218413,09.05.01,53352
86778,2015-12-08,Трехсторонний,Год,Недействительный,816758,191680,25.05.05,59182
19229,2016-03-29,Двусторонний,Полгода,Недействительный,753361,408144,53.05.06,57848
47793,2018-08-06,Двусторонний,Полгода,Действительный,267694,150669,55.05.02,57990
46236,2018-12-30,Двусторонний,Шесть лет,Недействительный,826966,556263,10.05.03,52088
49509,2019-11-10,Двусторонний,Год,Действительный,262781,336722,11.05.01,56476
66175,2016-10-17,Двусторонний,Четыре года,Действительный,111553,472862,08.05.01,51386
71080,2015-11-05,Двусторонний,Пять лет,Недействительный,833666,762765,53.05.05,52495
68816,2018-01-12,Трехсторонний,Полгода,Действительный,518624,506162,26.05.04,50813
25517,2018-02-15,Двусторонний,Год,Недействительный,761125,119969,51.00.00,55229
12342,2016-03-04,Трехсторонний,Четыре года,Действительный,885716,119431,27.00.00,54636
29457,2017-09-28,Двусторонний,Пять лет,Действительный,739973,469376,23.05.05,51989
12229,2016-11-26,Двусторонний,Полгода,Недействительный,893826,260198,04.05.01,58693
72836,2020-06-28,Трехсторонний,Четыре года,Недействительный,818607,335094,52.05.04,50153
22847,2019-08-24,Двусторонний,Год,Недействительный,156085,845726,21.05.01,58670
49191,2018-07-08,Трехсторонний,Пять лет,Действительный,619733,851009,30.05.03,52020
42345,2017-10-04,Трехсторонний,Полгода,Действительный,194861,739674,51.00.00,52987
34601,2016-12-24,Трехсторонний,Шесть лет,Действительный,761620,424653,55.05.05,57626
51493,2016-01-26,Двусторонний,Четыре года,Действительный,504192,661373,38.05.02,59943
31394,2019-07-14,Двусторонний,Полгода,Действительный,707035,427714,24.05.03,56461
63111,2018-02-01,Трехсторонний,Год,Недействительный,820228,177938,37.00.00,52987
29893,2017-04-24,Двусторонний,Шесть лет,Недействительный,981749,534327,40.00.00,55051
55285,2019-12-04,Двусторонний,Год,Недействительный,113066,371826,44.05.01,58594
25622,2020-04-26,Трехсторонний,Шесть лет,Недействительный,490353,912334,04.00.00,59868
79600,2017-03-29,Трехсторонний,Год,Действительный,274182,819320,45.00.00,57904
98879,2017-01-30,Трехсторонний,Четыре года,Действительный,457470,998956,30.05.02,52756
12513,2016-03-18,Двусторонний,Пять лет,Недействительный,619106,169443,53.00.00,53402
63756,2019-06-24,Двусторонний,Год,Недействительный,440268,710094,21.05.06,58681
41543,2018-06-21,Двусторонний,Год,Недействительный,319703,845726,11.05.03,51438
56063,2017-06-07,Трехсторонний,Шесть лет,Недействительный,126082,601881,21.05.01,51211
22706,2019-11-26,Двусторонний,Пять лет,Недействительный,346080,385323,09.05.01,50618
51405,2016-01-10,Трехсторонний,Шесть лет,Действительный,373427,412789,40.05.01,58072
91632,2015-11-23,Двусторонний,Пять лет,Недействительный,210746,108745,10.05.01,50532
92269,2020-06-04,Трехсторонний,Пять лет,Действительный,814042,370189,40.00.00,58537
86453,2017-04-10,Двусторонний,Год,Недействительный,486931,231391,37.05.01,54272
88958,2018-12-25,Трехсторонний,Шесть лет,Действительный,386839,856897,16.05.01,50269
64371,2015-12-06,Двусторонний,Полгода,Действительный,763318,640617,36.00.00,59287
92040,2019-06-19,Двусторонний,Год,Действительный,116930,851009,56.05.05,58615
31541,2017-11-09,Трехсторонний,Год,Недействительный,321397,101208,17.00.00,51167
74723,2016-02-20,Двусторонний,Пять лет,Недействительный,362737,216692,45.05.01,51133
46022,2018-06-30,Двусторонний,Пять лет,Действительный,692438,325897,25.05.05,55764
68697,2017-09-22,Трехсторонний,Пять лет,Недействительный,601085,915461,12.00.00,58722
68855,2016-06-04,Двусторонний,Полгода,Недействительный,796913,857058,21.05.05,55424
48520,2017-03-30,Двусторонний,Год,Действительный,934264,903484,24.05.03,55412
94898,2019-06-28,Трехсторонний,Четыре года,Действительный,844521,631511,37.00.00,59231
70820,2015-10-08,Трехсторонний,Шесть лет,Недействительный,857374,869244,57.00.00,57961
84654,2018-02-07,Двусторонний,Четыре года,Действительный,674439,767058,25.05.04,59868
57552,2020-03-05,Трехсторонний,Полгода,Недействительный,961600,723819,52.05.04,51184
39559,2017-12-19,Трехсторонний,Шесть лет,Действительный,515548,424653,30.05.03,53791
52319,2019-04-12,Двусторонний,Год,Действительный,504389,835382,08.00.00,56228
15084,2017-09-02,Двусторонний,Пять лет,Действительный,133309,642686,25.05.02,55298
89539,2019-07-28,Двусторонний,Полгода,Недействительный,653733,318233,25.05.03,59205
20675,2018-10-13,Трехсторонний,Полгода,Недействительный,885911,973077,30.05.02,55859
89200,2015-12-23,Трехсторонний,Год,Действительный,677803,369310,18.05.02,59954
18766,2017-12-01,Двусторонний,Четыре года,Недействительный,719537,431827,05.05.02,51359
61391,2017-02-09,Трехсторонний,Шесть лет,Недействительный,406001,424630,26.05.02,56013
48306,2016-12-19,Двусторонний,Пять лет,Действительный,754425,723364,36.00.00,51036
11830,2015-12-27,Трехсторонний,Год,Недействительный,825562,690609,12.00.00,50376
13470,2018-01-18,Трехсторонний,Полгода,Недействительный,197932,192681,11.05.01,52569
68445,2016-11-02,Трехсторонний,Пять лет,Действительный,226894,367833,24.00.00,51394
88512,2019-05-28,Двусторонний,Шесть лет,Недействительный,978986,821170,20.05.01,50051
59868,2017-08-11,Трехсторонний,Год,Недействительный,284305,297158,55.05.03,52160
40265,2017-12-13,Двусторонний,Четыре года,Действительный,163418,115022,01.00.00,58372
44928,2018-12-01,Двусторонний,Полгода,Действительный,877299,726774,25.05.01,50671
69448,2019-05-21,Трехсторонний,Четыре года,Недействительный,820056,260198,30.00.00,56720
62451,2018-06-12,Трехсторонний,Год,Действительный,575515,845000,06.05.01,52246
84296,2015-09-08,Трехсторонний,Год,Недействительный,226472,370737,55.05.01,53149
65407,2018-05-21,Трехсторонний,Четыре года,Недействительный,643827,908610,21.05.02,51373
45847,2019-06-11,Трехсторонний,Пять лет,Действительный,617985,485858,54.00.00,52529
85061,2017-04-22,Трехсторонний,Пять лет,Действительный,243359,267135,26.05.01,56101
93231,2019-11-02,Трехсторонний,Пять лет,Действительный,100310,847380,37.00.00,56783
78565,2020-03-06,Трехсторонний,Пять лет,Действительный,252173,944647,17.00.00,59127
13434,2019-03-25,Двусторонний,Шесть лет,Недействительный,602438,894308,40.05.03,51114
75059,2018-07-05,Трехсторонний,Четыре года,Недействительный,854483,316119,21.05.03,57499
58467,2017-05-20,Трехсторонний,Год,Действительный,383624,277240,31.00.00,54948
84863,2018-05-26,Двусторонний,Полгода,Недействительный,408917,489150,20.05.01,57867
62174,2019-12-05,Трехсторонний,Год,Действительный,970321,601764,24.05.01,58152
13804,2019-02-06,Трехсторонний,Год,Недействительный,830161,643126,40.05.03,56101
23980,2018-02-06,Двусторонний,Четыре года,Действительный,750688,743365,15.00.00,55367
54710,2017-06-28,Трехсторонний,Год,Действительный,923487,528117,18.05.01,50749
25359,2020-07-14,Трехсторонний,Пять лет,Действительный,605270,996581,21.05.03,59065
35960,2015-09-01,Двусторонний,Четыре года,Недействительный,499292,839077,18.05.01,52607
44826,2018-08-27,Двусторонний,Четыре года,Недействительный,172473,218413,55.05.01,57800
59350,2017-10-29,Двусторонний,Год,Недействительный,377082,887587,17.05.02,59442
68420,2020-05-15,Трехсторонний,Четыре года,Действительный,920822,164796,53.05.06,58880
57605,2017-02-26,Двусторонний,Шесть лет,Недействительный,321397,451396,37.00.00,50987
59904,2018-01-25,Трехсторонний,Пять лет,Недействительный,570629,307603,40.05.02,54108
61605,2016-03-09,Трехсторонний,Шесть лет,Действительный,386545,452923,38.00.00,55262
66230,2017-07-27,Двусторонний,Год,Действительный,253901,424029,54.05.04,50136
90538,2018-07-02,Двусторонний,Четыре года,Действительный,439453,556263,53.00.00,57811
54521,2016-01-26,Двусторонний,Шесть лет,Действительный,741336,471110,40.05.01,51182
63268,2018-10-09,Двусторонний,Пять лет,Недействительный,686728,999028,51.05.01,58867
43235,2017-12-23,Двусторонний,Пять лет,Действительный,777865,857416,15.05.01,59356
96483,2018-11-05,Трехсторонний,Четыре года,Действительный,298270,413314,11.05.02,55154
67749,2019-10-19,Трехсторонний,Шесть лет,Действительный,296678,140074,52.05.03,59606
76171,2016-11-08,Двусторонний,Пять лет,Недействительный,814125,295103,37.05.01,55241
37412,2019-02-16,Трехсторонний,Пять лет,Недействительный,958058,659755,38.05.02,56395
42002,2019-09-13,Трехсторонний,Полгода,Недействительный,641825,808064,53.05.04,50404
29971,2016-05-20,Двусторонний,Год,Недействительный,231425,704327,10.05.04,52751
77653,2018-01-17,Трехсторонний,Шесть лет,Действительный,668063,538755,21.05.03,52223
28562,2017-12-27,Двусторонний,Полгода,Действительный,501694,773521,10.05.05,59893
45172,2019-11-08,Двусторонний,Шесть лет,Недействительный,377526,433186,24.05.01,53377
93795,2015-09-12,Двусторонний,Шесть лет,Недействительный,175367,322653,21.05.06,57443
43544,2016-02-07,Трехсторонний,Пять лет,Недействительный,640343,112558,25.05.02,58594
68940,2016-06-22,Двусторонний,Четыре года,Действительный,842287,175218,54.05.01,55182
45267,2016-03-06,Двусторонний,Шесть лет,Недействительный,257954,996719,54.05.05,53180
99529,2019-12-03,Двусторонний,Четыре года,Недействительный,470050,592417,21.05.04,58594
44327,2018-07-04,Трехсторонний,Год,Действительный,820805,664593,40.05.03,56940
59297,2018-04-02,Двусторонний,Год,Недействительный,257248,821680,23.05.03,54916
98958,2020-08-31,Трехсторонний,Пять лет,Действительный,828298,486630,14.05.01,55949
94077,2015-11-11,Двусторонний,Год,Недействительный,242210,416080,52.05.02,51452
14237,2017-02-16,Трехсторонний,Год,Действительный,777417,155593,12.00.00,56122
35931,2020-02-24,Двусторонний,Пять лет,Действительный,960058,421661,26.05.03,50522
46520,2017-07-15,Двусторонний,Полгода,Действительный,306299,409050,14.05.04,56937
34945,2015-12-17,Трехсторонний,Полгода,Недействительный,893553,634171,06.05.01,50382
47614,2016-10-05,Трехсторонний,Год,Недействительный,812295,409967,04.00.00,56299
60358,2016-02-16,Трехсторонний,Год,Действительный,253741,334999,33.00.00,56288
57612,2019-02-18,Двусторонний,Шесть лет,Действительный,214475,577328,21.05.05,56857
33412,2016-06-24,Трехсторонний,Год,Действительный,814613,940659,24.05.05,51452
19902,2017-12-27,Трехсторонний,Четыре года,Недействительный,870338,252150,21.00.00,54747
13449,2016-04-19,Двусторонний,Шесть лет,Действительный,255939,974824,10.05.01,53428
11363,2017-03-10,Двусторонний,Четыре года,Действительный,273676,562617,13.05.01,57640
35088,2017-07-14,Двусторонний,Год,Недействительный,988976,675581,26.05.01,50003
71575,2019-09-22,Трехсторонний,Четыре года,Недействительный,744452,898708,14.05.03,59134
61652,2019-03-28,Трехсторонний,Год,Действительный,745363,355509,21.05.02,57927
40190,2016-06-26,Трехсторонний,Четыре года,Действительный,304022,277459,10.05.02,50313
23772,2019-03-12,Трехсторонний,Год,Действительный,209577,881001,23.05.02,55727
19401,2016-08-18,Двусторонний,Пять лет,Недействительный,557259,323499,53.05.03,54928
61279,2016-01-08,Трехсторонний,Пять лет,Недействительный,786107,743365,44.00.00,56704
60987,2016-01-17,Трехсторонний,Шесть лет,Действительный,331774,337594,51.00.00,55145
59030,2017-01-07,Трехсторонний,Год,Действительный,931192,492273,31.00.00,58164
36949,2016-01-24,Двусторонний,Четыре года,Действительный,849427,610985,21.05.04,53738
47574,2017-04-14,Трехсторонний,Полгода,Действительный,453296,346513,11.05.04,55120
39379,2017-05-25,Двусторонний,Пять лет,Недействительный,151044,917131,54.05.05,55836
39803,2016-06-14,Двусторонний,Полгода,Действительный,558521,652479,33.00.00,53789
78075,2017-10-05,Двусторонний,Четыре года,Недействительный,437936,895263,33.05.01,55514
11910,2015-08-23,Двусторонний,Полгода,Недействительный,389301,474219,14.05.01,54574
21114,2018-12-06,Двусторонний,Год,Действительный,255158,409050,21.05.06,56783
95301,2018-03-05,Трехсторонний,Год,Недействительный,887885,310111,17.05.04,58708
98184,2020-07-04,Трехсторонний,Четыре года,Недействительный,799026,164796,26.05.07,55449
56679,2019-07-27,Двусторонний,Четыре года,Действительный,222730,739331,56.05.02,53447
88033,2020-08-18,Трехсторонний,Шесть лет,Действительный,675992,161338,23.05.06,57845
40022,2015-09-24,Трехсторонний,Год,Действительный,304105,104317,16.00.00,51261
14098,2020-03-18,Двусторонний,Год,Недействительный,300329,443321,30.05.02,56879
37691,2017-04-28,Двусторонний,Пять лет,Недействительный,806723,161890,26.05.07,51350
15805,2019-06-19,Трехсторонний,Полгода,Действительный,660271,507503,01.00.00,55718
82999,2018-07-24,Трехсторонний,Четыре года,Действительный,932832,786041,18.05.01,51477
29097,2017-09-04,Двусторонний,Шесть лет,Действительный,379156,113683,37.05.02,52740
58945,2016-08-16,Двусторонний,Четыре года,Недействительный,498612,263608,56.05.04,50000
13587,2016-03-22,Двусторонний,Год,Действительный,651435,316119,24.05.01,57497
47770,2016-07-09,Двусторонний,Полгода,Недействительный,331774,446209,54.05.05,53061
68189,2019-06-23,Двусторонний,Четыре года,Действительный,220662,315876,10.05.05,53238
22973,2018-03-22,Двусторонний,Пять лет,Недействительный,598373,150646,53.05.03,55970
32300,2016-06-02,Трехсторонний,Полгода,Действительный,304526,263608,13.05.02,59305
53606,2015-11-29,Двусторонний,Четыре года,Недействительный,832464,615167,10.05.01,50863
81358,2017-05-13,Трехсторонний,Четыре года,Недействительный,686728,581626,21.05.05,55727
41524,2018-02-26,Трехсторонний,Шесть лет,Недействительный,862003,551924,10.05.06,58472
84876,2018-07-26,Двусторонний,Шесть лет,Недействительный,493783,677571,26.05.05,58977
40279,2016-02-13,Двусторонний,Шесть лет,Действительный,287973,658656,54.05.02,59206
94202,2017-03-22,Трехсторонний,Четыре года,Недействительный,254790,912324,53.05.05,55023
60271,2015-11-15,Двусторонний,Шесть лет,Недействительный,636203,592601,08.05.02,56553
25766,2019-12-23,Трехсторонний,Год,Действительный,866248,215046,55.05.05,58430
79915,2019-01-10,Трехсторонний,Четыре года,Действительный,598568,144584,54.05.02,51107
93826,2015-08-13,Двусторонний,Шесть лет,Недействительный,782950,612622,13.05.02,58722
91003,2015-12-05,Двусторонний,Полгода,Недействительный,866101,455982,23.05.04,57468
32325,2017-02-20,Трехсторонний,Пять лет,Недействительный,509747,441725,06.05.01,55491
50268,2020-06-08,Трехсторонний,Год,Недействительный,801160,702366,31.00.00,51574
65371,2020-06-09,Двусторонний,Шесть лет,Недействительный,320395,654803,13.05.02,56334
33949,2016-05-19,Трехсторонний,Четыре года,Недействительный,439309,341484,21.00.00,53447
57328,2015-09-19,Трехсторонний,Четыре года,Действительный,652993,702366,26.05.01,56101
15022,2018-01-11,Трехсторонний,Пять лет,Действительный,744374,192851,57.05.01,58152
80663,2015-11-07,Двусторонний,Шесть лет,Действительный,137536,489140,56.05.03,53791
73496,2018-04-15,Трехсторонний,Пять лет,Действительный,636878,582826,24.05.07,55282
31595,2017-04-30,Трехсторонний,Четыре года,Действительный,234057,423287,26.05.06,54298
44346,2020-07-19,Трехсторонний,Год,Действительный,415561,965277,52.05.01,55396
83593,2018-12-09,Двусторонний,Четыре года,Недействительный,478088,140028,11.00.00,58164
32357,2020-07-25,Трехсторонний,Пять лет,Недействительный,239247,974824,11.05.02,57785
74927,2017-08-06,Двусторонний,Четыре года,Действительный,398103,392865,24.05.04,50989
45489,2016-12-16,Двусторонний,Четыре года,Действительный,345006,518472,55.05.05,52559
93759,2015-11-13,Двусторонний,Пять лет,Недействительный,180073,211562,55.05.01,55377
12216,2019-01-24,Двусторонний,Полгода,Недействительный,813547,302992,30.05.01,52991
67733,2018-01-20,Трехсторонний,Четыре года,Недействительный,937689,572736,53.05.01,59753
87828,2017-12-23,Двусторонний,Полгода,Действительный,342821,273385,10.05.04,57306
86112,2019-09-01,Трехсторонний,Год,Недействительный,239890,994924,27.00.00,54377
25443,2018-09-01,Трехсторонний,Четыре года,Действительный,363635,987156,26.05.02,58372
68234,2018-02-15,Двусторонний,Четыре года,Действительный,207895,967137,25.00.00,51182
88838,2016-10-25,Трехсторонний,Год,Действительный,591910,922614,24.05.03,54475
28035,2017-09-06,Трехсторонний,Год,Действительный,202231,767555,53.00.00,58697
28835,2016-01-30,Трехсторонний,Полгода,Действительный,279729,714957,14.05.04,55694
18773,2016-04-07,Трехсторонний,Пять лет,Недействительный,964247,115022,26.05.06,54461
94063,2020-05-09,Двусторонний,Полгода,Недействительный,138099,779047,20.05.01,50153
10798,2020-05-21,Двусторонний,Шесть лет,Недействительный,915997,549551,11.05.03,54465
76689,2019-05-18,Двусторонний,Год,Недействительный,504746,786786,26.05.01,51370
11198,2020-05-21,Трехсторонний,Пять лет,Недействительный,979649,710094,30.05.02,51521
76632,2018-04-13,Трехсторонний,Полгода,Действительный,501694,689859,21.05.03,57138
33650,2017-07-05,Трехсторонний,Пять лет,Недействительный,909551,793775,16.00.00,57041
60767,2018-10-23,Двусторонний,Полгода,Действительный,612924,232595,25.05.03,57553
56269,2016-06-07,Трехсторонний,Полгода,Недействительный,892064,964512,11.00.00,57898
14243,2018-01-31,Трехсторонний,Шесть лет,Действительный,430572,654809,54.05.05,51900
54258,2020-06-20,Трехсторонний,Год,Действительный,975240,848096,40.05.01,52559
69977,2017-03-06,Трехсторонний,Четыре года,Недействительный,502653,775174,55.00.00,50441
46988,2020-02-14,Двусторонний,Полгода,Действительный,636878,778785,30.05.03,56054
50278,2018-02-11,Трехсторонний,Четыре года,Недействительный,809432,507804,23.05.03,51032
78010,2017-08-09,Двусторонний,Шесть лет,Недействительный,620483,165143,30.05.02,57045
46637,2016-12-14,Двусторонний,Четыре года,Действительный,906405,949065,18.05.02,56304
45907,2017-05-16,Двусторонний,Шесть лет,Недействительный,109359,644666,06.05.01,55126
67908,2017-08-16,Двусторонний,Год,Действительный,651435,263608,52.05.02,55023
98560,2016-04-17,Двусторонний,Полгода,Действительный,888985,423287,20.00.00,50671
92623,2018-05-29,Двусторонний,Шесть лет,Действительный,772945,696906,21.00.00,50863
56439,2016-07-31,Двусторонний,Полгода,Недействительный,492944,615167,33.00.00,56879
18448,2018-03-24,Трехсторонний,Пять лет,Действительный,912443,989785,53.05.02,57947
14246,2019-10-03,Трехсторонний,Полгода,Действительный,247757,298060,55.05.04,55684
90847,2018-06-18,Двусторонний,Пять лет,Действительный,253174,726191,37.00.00,54299
74166,2020-05-25,Двусторонний,Полгода,Действительный,736773,325897,23.05.03,59585
41084,2020-03-20,Трехсторонний,Год,Действительный,785101,489140,25.05.05,51016
98126,2018-10-02,Двусторонний,Год,Действительный,669501,366038,21.05.05,52501
61136,2016-04-13,Двусторонний,Шесть лет,Недействительный,781954,175125,21.00.00,52540
92086,2016-05-28,Двусторонний,Год,Действительный,821872,979168,23.05.01,55035
91250,2018-01-30,Трехсторонний,Год,Недействительный,480350,432116,10.05.07,55859
92811,2019-12-12,Двусторонний,Год,Недействительный,870232,689220,55.05.04,54951
16827,2018-07-15,Трехсторонний,Год,Недействительный,915803,203636,15.00.00,50419
55927,2019-11-10,Трехсторонний,Шесть лет,Действительный,616677,316689,54.00.00,50591
22510,2019-06-05,Трехсторонний,Полгода,Действительный,862663,938773,30.00.00,59585
26527,2017-08-21,Трехсторонний,Полгода,Недействительный,730016,380199,38.05.01,58143
39412,2020-01-10,Трехсторонний,Пять лет,Недействительный,257814,749157,20.05.01,56659
97450,2019-12-21,Трехсторонний,Четыре года,Недействительный,836865,396965,05.05.01,56378
92696,2018-07-06,Трехсторонний,Пять лет,Действительный,176334,524685,15.00.00,59722
41419,2019-03-02,Двусторонний,Год,Недействительный,791973,725686,21.05.04,56054
92628,2020-08-19,Трехсторонний,Год,Недействительный,355756,798221,10.05.02,58953
97654,2016-05-12,Двусторонний,Пять лет,Недействительный,514918,469765,10.05.03,59722
91827,2017-03-08,Двусторонний,Шесть лет,Недействительный,993645,831899,05.05.02,59893
79992,2018-11-21,Трехсторонний,Полгода,Действительный,712185,305318,38.05.02,51182
84019,2017-09-04,Двусторонний,Пять лет,Недействительный,640504,808064,54.00.00,50679
94067,2016-09-05,Двусторонний,Четыре года,Недействительный,829842,758783,54.05.05,50129
59960,2017-11-26,Двусторонний,Шесть лет,Действительный,768727,778785,23.05.01,50535
23997,2018-10-16,Двусторонний,Год,Действительный,466963,396211,36.00.00,55198
70084,2018-08-10,Трехсторонний,Полгода,Действительный,595455,338069,21.05.04,59231
86699,2019-05-14,Трехсторонний,Год,Действительный,486652,443321,21.05.06,58587
51879,2019-04-23,Двусторонний,Шесть лет,Действительный,761000,616295,57.05.01,56520
50348,2020-05-25,Трехсторонний,Четыре года,Недействительный,272693,343598,24.05.05,57081
93670,2017-08-06,Двусторонний,Год,Действительный,133400,637144,10.00.00,54806
77625,2020-06-23,Двусторонний,Шесть лет,Недействительный,394877,704327,21.00.00,57499
16314,2019-01-18,Двусторонний,Шесть лет,Действительный,555540,371632,12.00.00,50359
51544,2016-02-05,Трехсторонний,Пять лет,Действительный,406451,309034,53.05.05,56919
82243,2020-03-13,Трехсторонний,Год,Недействительный,430966,112558,11.05.03,59933
34726,2018-06-13,Трехсторонний,Четыре года,Недействительный,770988,775174,15.05.01,52618
87107,2017-12-20,Двусторонний,Пять лет,Действительный,247076,962252,24.05.02,55872
65527,2020-01-15,Двусторонний,Шесть лет,Действительный,515261,998374,20.05.01,54493
74201,2018-09-13,Трехсторонний,Четыре года,Недействительный,216690,599476,18.05.01,50679
31173,2020-01-25,Трехсторонний,Шесть лет,Действительный,381837,252749,06.05.01,55613
95812,2020-09-04,Двусторонний,Пять лет,Недействительный,263527,406324,56.05.01,54197
40227,2016-12-05,Трехсторонний,Четыре года,Действительный,943733,732751,31.00.00,59317
26341,2020-04-10,Двусторонний,Пять лет,Недействительный,628863,880246,27.00.00,56228
20794,2017-12-25,Двусторонний,Шесть лет,Недействительный,916757,164020,24.05.02,50725
87753,2016-08-09,Двусторонний,Шесть лет,Недействительный,838842,800120,11.05.03,55486
55442,2016-11-21,Трехсторонний,Год,Недействительный,590773,645058,10.05.04,54272
52220,2019-05-22,Двусторонний,Четыре года,Действительный,286333,659561,31.00.00,59129
97183,2019-11-06,Двусторонний,Пять лет,Недействительный,800882,235943,56.05.04,54436
17595,2019-10-22,Двусторонний,Полгода,Недействительный,435309,689220,14.05.01,58134
30730,2018-11-10,Трехсторонний,Полгода,Действительный,490329,640011,25.05.05,56534
40048,2016-07-11,Двусторонний,Год,Действительный,377082,928236,52.00.00,53750
45643,2016-03-11,Двусторонний,Год,Недействительный,891441,132998,10.05.07,56461
97282,2019-06-08,Двусторонний,Год,Недействительный,620676,664593,05.05.02,53350
21012,2019-10-30,Двусторонний,Год,Действительный,999466,445054,31.05.01,51999
36643,2016-10-29,Трехсторонний,Шесть лет,Недействительный,275698,634171,54.00.00,54108
34881,2020-04-13,Двусторонний,Полгода,Недействительный,880983,549686,21.00.00,54346
66797,2017-10-21,Трехсторонний,Год,Недействительный,104610,749599,01.05.01,52011
70284,2019-11-24,Двусторонний,Год,Действительный,287973,327890,18.05.01,50810
12770,2017-11-11,Трехсторонний,Пять лет,Действительный,175812,758773,08.05.01,57626
89352,2018-04-13,Трехсторонний,Четыре года,Недействительный,824457,425312,21.05.06,58977
85406,2017-01-13,Двусторонний,Год,Недействительный,812428,608613,51.05.01,57135
97162,2018-02-21,Двусторонний,Год,Недействительный,370609,115473,24.05.02,58340
87839,2016-05-07,Трехсторонний,Шесть лет,Недействительный,235915,390729,08.05.01,54346
87337,2015-11-19,Двусторонний,Полгода,Действительный,402083,617292,54.05.03,53027
37155,2018-01-02,Двусторонний,Шесть лет,Действительный,359502,143844,12.05.01,55738
17072,2015-10-16,Трехсторонний,Полгода,Действительный,501733,481077,23.00.00,54775
67915,2018-05-17,Трехсторонний,Год,Недействительный,821824,976688,06.05.01,52128
42547,2016-12-29,Двусторонний,Четыре года,Недействительный,252604,433186,44.05.01,50571
18239,2019-05-22,Двусторонний,Год,Действительный,583440,754488,06.00.00,55694
93652,2019-07-21,Трехсторонний,Год,Действительный,918625,455501,55.00.00,57196
35312,2017-10-30,Трехсторонний,Полгода,Действительный,907607,714210,32.00.00,52892
36571,2019-11-18,Двусторонний,Год,Недействительный,727076,543346,52.00.00,56354
68860,2017-12-02,Двусторонний,Шесть лет,Недействительный,207120,593577,36.05.01,53828
36565,2016-05-25,Двусторонний,Год,Недействительный,418920,139908,36.05.01,56506
13813,2017-08-17,Трехсторонний,Полгода,Недействительный,569970,255304,52.05.03,55787
76759,2018-10-14,Трехсторонний,Четыре года,Действительный,855565,317161,53.05.07,55978
90397,2020-03-11,Двусторонний,Год,Действительный,659166,745314,12.00.00,58622
77972,2019-04-25,Двусторонний,Четыре года,Действительный,368120,310111,10.05.04,56704
38506,2017-08-27,Двусторонний,Шесть лет,Недействительный,115621,112201,06.00.00,53238
59277,2018-06-29,Трехсторонний,Четыре года,Действительный,334967,779047,53.05.06,58072
22585,2017-07-20,Трехсторонний,Шесть лет,Недействительный,102523,292739,10.05.03,58697
99069,2017-06-26,Двусторонний,Четыре года,Действительный,732441,342862,21.05.06,54531
61786,2020-07-04,Двусторонний,Пять лет,Недействительный,185618,857416,05.00.00,52020
82004,2016-12-27,Двусторонний,Год,Действительный,709798,240700,10.00.00,52912
64464,2019-10-20,Трехсторонний,Год,Действительный,714115,709800,10.05.03,50513
54461,2019-05-11,Двусторонний,Четыре года,Действительный,979362,910099,18.05.02,55282
73231,2018-03-25,Трехсторонний,Полгода,Действительный,633185,421661,10.05.04,58727
21523,2016-12-26,Двусторонний,Пять лет,Действительный,342218,101242,27.05.01,52561
49455,2019-11-27,Двусторонний,Полгода,Действительный,751825,869244,16.00.00,57628
73170,2015-12-30,Двусторонний,Полгода,Действительный,666417,177192,54.05.04,54583
53766,2017-05-08,Двусторонний,Шесть лет,Действительный,160060,842571,26.05.06,50169
60540,2018-06-05,Двусторонний,Пять лет,Действительный,932810,334999,10.05.06,50370
89151,2015-11-16,Трехсторонний,Пять лет,Действительный,956987,857781,56.05.03,50837
24961,2017-08-18,Двусторонний,Шесть лет,Недействительный,652972,933820,01.05.01,59560
75526,2020-03-18,Двусторонний,Полгода,Действительный,274021,477208,03.05.01,53655
96810,2019-05-29,Двусторонний,Полгода,Действительный,951003,562836,18.00.00,59187
37017,2017-05-02,Двусторонний,Четыре года,Действительный,744832,779047,56.05.04,51438
35353,2017-04-03,Двусторонний,Шесть лет,Недействительный,526009,648255,10.00.00,59685
88674,2020-02-04,Двусторонний,Пять лет,Действительный,609596,692677,54.05.02,59606
20791,2017-01-03,Двусторонний,Пять лет,Действительный,598304,476052,56.00.00,59893
51365,2015-08-28,Трехсторонний,Шесть лет,Действительный,471663,801706,24.05.03,54585
48598,2018-10-28,Трехсторонний,Шесть лет,Действительный,557949,503533,57.00.00,57086
95282,2018-06-07,Трехсторонний,Пять лет,Недействительный,568881,307603,17.05.02,57933
32475,2019-09-21,Двусторонний,Шесть лет,Недействительный,499252,664593,33.00.00,59907
76857,2017-09-23,Трехсторонний,Четыре года,Недействительный,421089,841644,11.05.02,51481
16246,2018-11-18,Двусторонний,Пять лет,Недействительный,997457,725240,56.05.02,57056
89719,2020-07-18,Двусторонний,Четыре года,Недействительный,585052,986712,26.05.02,59954
68051,2017-09-12,Двусторонний,Год,Действительный,734321,224475,53.05.02,50442
87372,2019-12-10,Трехсторонний,Шесть лет,Действительный,235607,528117,11.05.02,57995
29417,2019-08-18,Двусторонний,Шесть лет,Недействительный,237305,432929,23.05.04,55229
66486,2019-10-23,Трехсторонний,Год,Недействительный,920131,652479,53.05.04,50658
64809,2017-07-01,Трехсторонний,Пять лет,Недействительный,160608,994053,40.05.02,55247
36157,2020-01-18,Трехсторонний,Полгода,Действительный,154393,983843,03.05.01,54021
26816,2019-01-29,Двусторонний,Четыре года,Недействительный,364116,696906,25.05.02,55996
79882,2019-01-19,Трехсторонний,Шесть лет,Действительный,489149,351512,24.05.03,58372
64788,2020-08-31,Трехсторонний,Четыре года,Действительный,665938,624274,01.05.01,59722
80675,2020-05-26,Двусторонний,Год,Действительный,431867,121674,55.05.01,53317
43645,2016-03-23,Трехсторонний,Полгода,Недействительный,182196,582826,26.05.06,59915
14939,2015-08-13,Трехсторонний,Шесть лет,Действительный,330275,664593,37.00.00,58988
49602,2017-07-29,Двусторонний,Пять лет,Действительный,770381,161338,55.05.04,59566
97875,2018-05-05,Двусторонний,Полгода,Действительный,947475,786041,23.05.06,50761
88508,2019-03-23,Трехсторонний,Четыре года,Действительный,279497,854178,24.05.06,52567
49481,2016-08-31,Трехсторонний,Год,Действительный,408007,278598,52.00.00,56354
84632,2016-02-03,Трехсторонний,Год,Недействительный,876916,248183,40.00.00,58003
56141,2020-04-23,Двусторонний,Год,Недействительный,750965,754488,40.05.02,57088
62141,2017-10-03,Трехсторонний,Пять лет,Действительный,778110,771457,52.05.02,56118
80387,2020-01-12,Трехсторонний,Пять лет,Действительный,315901,911181,23.05.02,51641
61367,2019-11-23,Трехсторонний,Год,Действительный,468683,758773,09.00.00,51548
43375,2016-08-12,Двусторонний,Пять лет,Действительный,445634,825978,52.05.04,50321
84645,2016-06-30,Трехсторонний,Год,Недействительный,825562,529916,31.05.02,54512
92725,2020-04-26,Двусторонний,Пять лет,Действительный,349443,352956,17.05.03,58594
59674,2017-10-31,Трехсторонний,Четыре года,Действительный,223921,915461,56.05.04,55198
88439,2016-08-01,Двусторонний,Год,Недействительный,171812,144458,01.05.01,55623
39146,2018-08-11,Трехсторонний,Четыре года,Недействительный,414506,396965,24.05.06,55047
59728,2019-01-04,Двусторонний,Шесть лет,Действительный,843523,205927,38.05.01,56299
64531,2019-02-24,Двусторонний,Шесть лет,Действительный,360377,771164,36.05.01,57264
33031,2019-05-06,Трехсторонний,Четыре года,Недействительный,334967,940960,55.05.01,56389
43191,2020-01-24,Трехсторонний,Пять лет,Недействительный,128511,808064,24.05.07,51026
95333,2017-02-09,Двусторонний,Полгода,Недействительный,854186,864809,17.00.00,54272
45062,2019-09-15,Трехсторонний,Полгода,Действительный,867043,337594,52.00.00,59435
60652,2017-07-25,Двусторонний,Пять лет,Недействительный,628911,562836,25.05.03,55404
38386,2019-11-25,Трехсторонний,Год,Действительный,389301,691688,44.00.00,55354
22554,2015-10-24,Двусторонний,Полгода,Недействительный,667061,287986,32.05.01,51434
60029,2019-11-26,Трехсторонний,Четыре года,Действительный,943460,271947,30.05.03,50255
17129,2018-06-20,Двусторонний,Год,Недействительный,516200,856897,26.05.04,59372
36633,2017-01-26,Двусторонний,Год,Недействительный,723825,811405,26.05.01,51170
23228,2019-06-10,Трехсторонний,Год,Недействительный,702651,330222,57.00.00,54583
35223,2019-03-31,Трехсторонний,Четыре года,Недействительный,386911,910806,10.00.00,58017
33988,2019-06-11,Трехсторонний,Пять лет,Действительный,106418,118280,23.05.05,55444
10416,2017-02-16,Двусторонний,Полгода,Действительный,847317,580352,17.05.03,56013
49818,2019-03-31,Двусторонний,Четыре года,Недействительный,132878,451396,09.05.01,51444
34544,2016-09-30,Трехсторонний,Пять лет,Действительный,303058,710881,57.05.01,54021
29580,2017-07-12,Двусторонний,Полгода,Недействительный,714390,798221,54.05.05,50000
84185,2020-06-08,Трехсторонний,Пять лет,Недействительный,883688,819320,10.05.07,51016
50163,2018-12-25,Трехсторонний,Полгода,Действительный,597745,338069,14.05.01,56662
55776,2016-03-26,Трехсторонний,Четыре года,Действительный,989919,175125,14.00.00,58224
34172,2019-02-17,Трехсторонний,Год,Действительный,677214,691688,53.05.07,59238
74383,2017-07-07,Двусторонний,Шесть лет,Действительный,452235,294939,55.05.04,51382
38199,2017-06-25,Двусторонний,Четыре года,Действительный,751550,989746,53.05.04,54045
32355,2018-02-07,Двусторонний,Год,Действительный,393045,286496,38.05.01,56406
11393,2018-03-05,Двусторонний,Год,Недействительный,684335,983893,03.00.00,56210
43687,2017-03-10,Трехсторонний,Пять лет,Недействительный,111445,454031,11.05.02,54873
94597,2019-05-17,Трехсторонний,Пять лет,Недействительный,315546,529916,25.05.04,54192
26131,2019-06-28,Трехсторонний,Полгода,Действительный,330151,839533,25.00.00,56054
46986,2019-07-18,Трехсторонний,Полгода,Недействительный,969400,489933,55.05.01,55786
80112,2020-08-12,Трехсторонний,Шесть лет,Действительный,323899,659531,21.00.00,50038
66429,2017-11-08,Трехсторонний,Четыре года,Недействительный,445548,601272,26.05.04,50317
57108,2017-04-14,Трехсторонний,Полгода,Недействительный,742728,327837,25.05.05,52922
90638,2019-07-25,Трехсторонний,Шесть лет,Действительный,473687,183264,18.05.02,54806
78454,2020-05-29,Двусторонний,Пять лет,Действительный,768727,659868,20.00.00,55684
79969,2017-04-02,Двусторонний,Шесть лет,Недействительный,585052,997604,06.00.00,52884
57397,2016-03-26,Трехсторонний,Год,Недействительный,431193,729526,36.00.00,58594
66601,2017-02-07,Двусторонний,Шесть лет,Действительный,459313,726774,17.05.02,56984
94234,2019-06-17,Двусторонний,Год,Недействительный,964867,658268,25.05.05,58880
69612,2020-03-25,Двусторонний,Год,Недействительный,569768,771597,25.05.03,52587
45158,2019-02-25,Двусторонний,Четыре года,Действительный,203817,819320,11.00.00,58553
51153,2019-08-08,Трехсторонний,Шесть лет,Действительный,601244,955452,36.00.00,55545
44730,2019-09-17,Трехсторонний,Четыре года,Действительный,841027,987490,05.05.02,50209
15407,2016-02-05,Двусторонний,Четыре года,Недействительный,839236,967647,05.00.00,51011
14810,2019-05-02,Трехсторонний,Пять лет,Недействительный,212037,524046,14.05.02,53942
86075,2016-06-09,Трехсторонний,Год,Недействительный,211642,164020,55.05.01,52827
35623,2017-07-14,Трехсторонний,Четыре года,Недействительный,840127,562647,54.00.00,51167
11441,2017-10-08,Трехсторонний,Год,Действительный,318430,331412,53.05.06,51811
75853,2020-04-21,Двусторонний,Четыре года,Недействительный,361260,939138,10.05.02,58164
40628,2017-11-25,Трехсторонний,Пять лет,Недействительный,743204,453479,31.00.00,57138
64328,2019-07-31,Трехсторонний,Год,Действительный,966258,235943,31.05.01,55694
99837,2019-05-16,Трехсторонний,Шесть лет,Недействительный,947607,452923,56.05.02,55096
43609,2017-03-23,Трехсторонний,Год,Действительный,674234,901453,54.05.04,52553
73963,2017-09-25,Трехсторонний,Пять лет,Действительный,839599,924231,21.05.04,54299
33695,2018-07-19,Трехсторонний,Год,Недействительный,108111,367860,08.00.00,55229
44496,2020-04-21,Двусторонний,Полгода,Недействительный,486352,925384,10.05.03,54080
64883,2017-07-13,Трехсторонний,Год,Недействительный,457855,427872,10.05.04,55404
70473,2018-02-10,Трехсторонний,Пять лет,Недействительный,820614,514375,21.05.05,50290
69620,2017-05-07,Трехсторонний,Четыре года,Действительный,397838,134961,32.05.01,52567
81573,2017-08-14,Трехсторонний,Полгода,Недействительный,376370,143916,18.05.01,52982
38871,2018-06-26,Двусторонний,Полгода,Действительный,994138,819136,21.05.02,52593
48845,2017-05-29,Трехсторонний,Пять лет,Недействительный,383624,340654,17.05.01,55330
28390,2020-01-26,Двусторонний,Шесть лет,Недействительный,285698,115473,10.05.01,56893
51344,2020-03-05,Трехсторонний,Год,Недействительный,443747,933585,21.05.06,57173
66476,2018-09-22,Трехсторонний,Полгода,Недействительный,102523,114184,11.05.01,57086
75956,2019-01-30,Двусторонний,Четыре года,Действительный,165055,691688,06.00.00,53882
47443,2020-07-20,Трехсторонний,Шесть лет,Действительный,420243,219541,53.05.02,54055
93386,2016-11-29,Трехсторонний,Год,Действительный,399075,542112,23.05.01,54780
78542,2016-06-17,Трехсторонний,Шесть лет,Недействительный,232095,573663,52.05.04,52011
47044,2020-03-27,Трехсторонний,Полгода,Действительный,256602,795125,13.00.00,53679
89900,2018-12-18,Двусторонний,Шесть лет,Недействительный,471663,728683,11.05.01,54442
53033,2018-04-11,Трехсторонний,Четыре года,Действительный,779406,337570,24.00.00,52344
14003,2018-09-30,Двусторонний,Шесть лет,Недействительный,947503,629682,52.05.04,54461
27169,2020-06-02,Трехсторонний,Шесть лет,Недействительный,282577,849277,23.05.01,57271
70665,2019-09-02,Двусторонний,Шесть лет,Действительный,704885,116767,33.00.00,50728
80643,2017-10-05,Двусторонний,Четыре года,Действительный,951060,454647,10.05.01,50642
35019,2015-10-22,Трехсторонний,Пять лет,Недействительный,701591,683082,25.05.03,56940
97401,2017-07-26,Двусторонний,Четыре года,Действительный,267119,831899,04.05.01,53250
82719,2019-07-30,Двусторонний,Год,Действительный,219137,695223,25.05.02,53305
97687,2018-02-07,Двусторонний,Шесть лет,Действительный,695341,670401,37.05.02,54237
27205,2020-08-29,Двусторонний,Год,Недействительный,334967,545317,36.00.00,52551
56668,2020-01-11,Двусторонний,Четыре года,Недействительный,729779,363737,32.00.00,59375
95089,2015-12-01,Двусторонний,Четыре года,Недействительный,579981,640417,26.00.00,59933
48697,2018-11-24,Двусторонний,Четыре года,Действительный,669499,692677,56.05.01,53732
70254,2018-11-19,Трехсторонний,Год,Недействительный,332954,786154,26.05.01,52712
29908,2018-02-26,Двусторонний,Четыре года,Действительный,561594,410535,53.05.07,51386
29042,2016-06-17,Трехсторонний,Четыре года,Недействительный,400418,777547,24.05.03,50000
62290,2019-08-15,Двусторонний,Шесть лет,Недействительный,268853,323499,26.05.03,51596
18861,2016-10-02,Двусторонний,Четыре года,Действительный,828892,848394,53.05.05,57003
33942,2015-11-28,Двусторонний,Полгода,Недействительный,757322,989746,18.05.01,52593
52484,2020-03-07,Трехсторонний,Год,Действительный,646975,973077,21.05.06,51071
85456,2017-12-01,Двусторонний,Полгода,Недействительный,401216,235943,21.05.06,55996
69157,2015-11-30,Двусторонний,Четыре года,Недействительный,274698,735521,09.00.00,58980
14221,2020-01-24,Двусторонний,Полгода,Недействительный,529560,124290,52.05.01,53291
13394,2016-09-06,Двусторонний,Год,Недействительный,919556,257291,51.05.01,55815
60495,2019-08-30,Двусторонний,Год,Действительный,504700,485586,13.00.00,58487
85519,2020-05-12,Трехсторонний,Полгода,Действительный,800882,109151,26.00.00,51481
18124,2018-10-06,Трехсторонний,Четыре года,Действительный,694028,642058,55.05.05,52042
98749,2017-06-12,Двусторонний,Четыре года,Недействительный,384833,286450,25.05.05,55764
91144,2016-06-29,Двусторонний,Четыре года,Недействительный,149586,525705,38.05.02,55491
21909,2018-02-03,Трехсторонний,Шесть лет,Действительный,370573,895263,31.05.02,54970
85890,2017-08-03,Двусторонний,Полгода,Недействительный,207120,994924,27.05.01,57227
91772,2017-09-08,Трехсторонний,Четыре года,Недействительный,652993,779783,04.00.00,55281
98032,2016-06-12,Двусторонний,Пять лет,Недействительный,154790,486630,52.05.01,51071
66199,2019-06-26,Двусторонний,Четыре года,Недействительный,319818,228921,08.05.01,55827
51249,2019-09-05,Двусторонний,Год,Недействительный,904146,119785,36.00.00,52546
22956,2019-05-08,Двусторонний,Пять лет,Действительный,345392,585239,17.05.03,52751
95096,2017-08-02,Двусторонний,Пять лет,Действительный,942771,661373,24.00.00,58018
28486,2016-09-07,Двусторонний,Шесть лет,Действительный,158681,300883,14.00.00,54272
93401,2018-12-25,Двусторонний,Год,Недействительный,611074,735478,24.05.03,50387
93741,2020-07-08,Двусторонний,Четыре года,Действительный,315896,400885,30.05.02,56923
75527,2016-10-18,Трехсторонний,Пять лет,Действительный,729809,621695,16.00.00,57329
55532,2019-07-20,Трехсторонний,Год,Недействительный,230300,174407,17.05.01,55282
92355,2016-07-15,Двусторонний,Год,Недействительный,308907,457158,26.05.03,59057
54717,2017-06-19,Двусторонний,Пять лет,Недействительный,118899,987125,03.00.00,57450
28684,2018-03-31,Трехсторонний,Шесть лет,Недействительный,361024,786041,11.05.02,59630
29575,2016-06-13,Трехсторонний,Четыре года,Действительный,940384,983893,54.05.01,55198
89797,2015-11-26,Трехсторонний,Полгода,Недействительный,519680,624274,17.05.01,59907
12881,2016-08-02,Трехсторонний,Год,Недействительный,203817,625228,08.05.01,57088
95294,2016-09-28,Двусторонний,Шесть лет,Недействительный,320584,670564,37.00.00,53696
80375,2019-12-03,Трехсторонний,Четыре года,Действительный,671341,670564,09.05.01,53642
82698,2019-07-14,Трехсторонний,Полгода,Недействительный,254031,425619,23.00.00,58430
43291,2015-12-31,Двусторонний,Шесть лет,Действительный,307816,593577,53.05.06,51032
47542,2017-06-17,Двусторонний,Четыре года,Недействительный,964797,390387,27.05.01,50903
61009,2019-08-02,Двусторонний,Полгода,Недействительный,224070,817479,30.05.03,59566
62570,2017-01-20,Трехсторонний,Четыре года,Недействительный,581847,642058,10.05.02,54436
61693,2020-06-04,Двусторонний,Пять лет,Действительный,233918,679505,21.05.05,51428
19811,2018-06-01,Трехсторонний,Пять лет,Недействительный,716398,935758,15.00.00,55745
59221,2020-02-22,Трехсторонний,Пять лет,Недействительный,529984,952132,26.05.06,55164
55011,2016-11-23,Двусторонний,Пять лет,Недействительный,160969,315876,56.05.02,56191
19364,2018-09-23,Двусторонний,Пять лет,Недействительный,720192,707662,04.00.00,52197
12610,2019-11-06,Двусторонний,Четыре года,Действительный,437936,156609,24.05.05,59110
98974,2019-11-14,Трехсторонний,Шесть лет,Недействительный,133420,643126,21.05.05,57867
57444,2017-02-14,Трехсторонний,Пять лет,Недействительный,671341,229618,10.05.07,51565
49176,2019-04-29,Двусторонний,Пять лет,Недействительный,637132,373945,33.05.01,59818
66079,2016-01-09,Двусторонний,Четыре года,Недействительный,894130,760461,14.05.01,50931
46129,2020-02-13,Трехсторонний,Полгода,Недействительный,601313,732807,13.05.02,58128
21711,2017-09-18,Двусторонний,Год,Недействительный,622259,292739,33.05.01,58930
48244,2020-04-29,Двусторонний,Полгода,Недействительный,446423,425312,25.05.01,57753
77068,2019-10-21,Трехсторонний,Шесть лет,Действительный,492425,866716,37.00.00,57904
48228,2016-10-04,Двусторонний,Полгода,Недействительный,140212,144458,53.05.06,53741
54042,2020-03-29,Двусторонний,Четыре года,Действительный,244302,520821,37.05.01,59852
59879,2020-03-16,Трехсторонний,Пять лет,Недействительный,978751,930813,51.05.01,54933
11223,2019-05-09,Двусторонний,Четыре года,Действительный,839236,674092,31.05.03,50813
92089,2019-03-10,Трехсторонний,Пять лет,Недействительный,580228,213910,10.05.06,51958
81541,2019-08-24,Двусторонний,Пять лет,Действительный,636878,646634,14.05.02,52593
99232,2017-06-02,Двусторонний,Шесть лет,Недействительный,189809,986918,14.05.03,50321
32641,2017-08-09,Трехсторонний,Шесть лет,Действительный,163879,298060,18.05.01,58553
51932,2018-11-28,Трехсторонний,Шесть лет,Недействительный,273676,718945,21.05.01,51958
92230,2018-12-16,Трехсторонний,Полгода,Недействительный,781544,922673,30.05.01,58341
43890,2016-02-18,Двусторонний,Пять лет,Действительный,781621,635171,10.05.07,57826
43012,2017-01-20,Двусторонний,Шесть лет,Недействительный,109359,393019,17.00.00,57407
34305,2018-05-18,Трехсторонний,Полгода,Действительный,776152,468423,57.05.01,59955
46835,2016-10-11,Двусторонний,Полгода,Действительный,428948,831899,08.05.02,56299
75758,2019-09-02,Двусторонний,Шесть лет,Действительный,816658,621695,31.00.00,59287
90117,2019-10-02,Двусторонний,Полгода,Недействительный,411914,135504,55.05.04,56659
77936,2020-07-27,Двусторонний,Год,Действительный,396170,434053,24.05.03,59835
48889,2017-10-15,Двусторонний,Четыре года,Недействительный,420492,987694,12.00.00,56191
46710,2017-10-20,Трехсторонний,Полгода,Действительный,947899,906692,23.00.00,56286
18988,2019-05-16,Двусторонний,Год,Действительный,521509,528117,21.05.05,53427
30456,2015-08-26,Трехсторонний,Шесть лет,Недействительный,354252,949065,21.05.03,52511
67200,2017-12-05,Трехсторонний,Полгода,Недействительный,809904,216119,24.05.02,59681
78746,2020-07-08,Трехсторонний,Полгода,Действительный,429639,432929,30.05.03,56101
62747,2019-12-16,Двусторонний,Полгода,Недействительный,698621,352103,20.00.00,57631
41494,2018-01-25,Трехсторонний,Пять лет,Действительный,417328,455982,36.05.01,50322
62096,2015-08-31,Двусторонний,Шесть лет,Действительный,869518,920287,26.05.04,59681
67573,2016-03-03,Трехсторонний,Шесть лет,Действительный,718882,400461,36.00.00,59248
94899,2020-09-11,Трехсторонний,Шесть лет,Действительный,966757,451396,15.05.01,50376
82970,2015-09-25,Двусторонний,Год,Действительный,774117,519025,31.05.02,54553
92025,2015-11-10,Двусторонний,Год,Недействительный,103717,232595,36.00.00,53958
55364,2017-01-10,Трехсторонний,Четыре года,Действительный,934142,162113,31.05.01,51865
24283,2015-10-03,Двусторонний,Четыре года,Действительный,911555,689220,21.05.02,53763
30135,2018-12-23,Трехсторонний,Год,Недействительный,296223,869696,31.05.02,53959
42542,2018-08-13,Трехсторонний,Год,Действительный,170076,735845,32.05.01,50313
29951,2018-04-13,Двусторонний,Четыре года,Действительный,319703,653673,54.05.05,50472
37672,2020-09-10,Трехсторонний,Четыре года,Недействительный,859011,198141,23.05.06,56348
71426,2018-10-13,Двусторонний,Полгода,Действительный,809792,447358,08.05.01,52912
69186,2018-09-07,Двусторонний,Год,Недействительный,193960,514421,55.05.02,51182
32307,2018-04-10,Трехсторонний,Четыре года,Действительный,793951,666977,54.05.05,52607
46793,2016-02-03,Двусторонний,Полгода,Недействительный,403443,891042,10.05.05,55096
11457,2015-12-31,Двусторонний,Шесть лет,Недействительный,925721,771597,23.05.03,56334
79537,2020-06-30,Трехсторонний,Шесть лет,Действительный,332547,845646,37.05.02,52734
69017,2017-12-20,Двусторонний,Пять лет,Недействительный,401444,942159,16.05.01,50038
26995,2017-03-05,Двусторонний,Полгода,Действительный,812145,396211,11.05.03,50619
64111,2017-12-26,Двусторонний,Пять лет,Действительный,362687,318201,05.00.00,51660
30596,2018-06-03,Двусторонний,Год,Действительный,312485,101322,56.00.00,54313
36403,2020-07-30,Двусторонний,Четыре года,Действительный,834477,238529,25.00.00,51840
15599,2015-10-15,Трехсторонний,Шесть лет,Действительный,194621,562617,17.05.04,51843
20241,2018-02-27,Трехсторонний,Пять лет,Недействительный,433593,421661,37.05.02,51874
50974,2020-08-22,Двусторонний,Четыре года,Действительный,602410,942159,21.05.01,55962
46813,2020-08-01,Трехсторонний,Полгода,Недействительный,658959,508689,09.00.00,56538
98143,2017-08-16,Двусторонний,Полгода,Недействительный,203817,459483,51.00.00,58372
37516,2018-10-03,Трехсторонний,Полгода,Действительный,660773,555274,11.00.00,59134
46822,2017-11-30,Трехсторонний,Шесть лет,Действительный,243518,935966,05.05.02,55777
70407,2020-09-01,Двусторонний,Шесть лет,Недействительный,240577,911181,30.05.02,55777
43282,2018-07-12,Трехсторонний,Пять лет,Действительный,118297,235943,57.00.00,51660
66381,2018-11-09,Трехсторонний,Четыре года,Действительный,514918,129685,24.05.05,51516
37596,2016-01-07,Двусторонний,Шесть лет,Действительный,448098,421121,10.05.04,51026
45408,2017-04-21,Двусторонний,Полгода,Недействительный,525888,659755,17.05.04,54241
70965,2016-05-18,Трехсторонний,Пять лет,Действительный,332347,897034,26.05.03,54574
56996,2017-08-19,Двусторонний,Полгода,Недействительный,512028,124994,11.00.00,56512
29956,2015-09-13,Двусторонний,Шесть лет,Недействительный,594930,394156,38.05.02,55234
18619,2017-06-29,Трехсторонний,Пять лет,Недействительный,893398,928661,21.05.04,54328
89793,2018-09-11,Трехсторонний,Шесть лет,Недействительный,638123,751478,33.05.01,58486
93517,2017-07-27,Трехсторонний,Шесть лет,Недействительный,451194,528991,06.00.00,53724
71649,2018-06-17,Двусторонний,Полгода,Действительный,839599,147968,17.05.02,54298
85556,2018-07-19,Трехсторонний,Год,Действительный,696125,672367,09.05.01,53398
21550,2016-06-10,Трехсторонний,Четыре года,Действительный,340382,119969,14.00.00,55241
19762,2018-06-08,Трехсторонний,Полгода,Действительный,380678,880246,54.00.00,52167
79747,2017-10-09,Трехсторонний,Год,Недействительный,545076,311105,37.00.00,51933
89475,2018-04-05,Трехсторонний,Четыре года,Действительный,557254,735521,24.05.01,50269
52611,2019-01-25,Трехсторонний,Пять лет,Действительный,142501,906204,36.00.00,52591
28876,2019-06-21,Трехсторонний,Полгода,Действительный,982586,799821,54.05.05,59893
34716,2015-10-20,Двусторонний,Четыре года,Действительный,248542,247087,21.05.01,58880
47183,2019-01-19,Трехсторонний,Год,Действительный,912443,115673,05.05.02,51463
63733,2016-10-05,Трехсторонний,Четыре года,Недействительный,616773,884479,10.05.03,59295
67766,2017-02-07,Двусторонний,Пять лет,Недействительный,245539,247087,56.00.00,54202
36089,2016-09-23,Трехсторонний,Пять лет,Действительный,357601,951672,30.00.00,54272
44581,2019-09-26,Двусторонний,Четыре года,Действительный,693271,780770,10.05.04,52263
38733,2018-06-11,Двусторонний,Четыре года,Действительный,412643,137917,24.00.00,54553
73430,2018-01-07,Трехсторонний,Год,Действительный,433113,219739,25.05.01,54021
99412,2016-09-28,Трехсторонний,Год,Действительный,765440,309974,14.05.01,51133
94589,2015-08-15,Трехсторонний,Год,Недействительный,450861,910806,08.05.01,51016
61589,2016-06-16,Трехсторонний,Полгода,Недействительный,730468,986918,05.05.02,54267
14310,2016-12-13,Трехсторонний,Четыре года,Действительный,611430,425553,05.00.00,50159
45001,2020-07-17,Двусторонний,Год,Действительный,631049,341484,17.05.03,55047
19783,2016-06-04,Трехсторонний,Четыре года,Недействительный,141177,199711,23.05.06,54933
58008,2018-06-28,Двусторонний,Полгода,Действительный,858553,670564,36.00.00,50003
76615,2020-08-22,Трехсторонний,Четыре года,Действительный,907258,489933,30.05.02,57407
55997,2018-09-12,Трехсторонний,Четыре года,Действительный,768878,455982,18.05.02,55051
18163,2015-10-10,Трехсторонний,Пять лет,Недействительный,623595,278598,25.05.01,51772
38249,2020-02-10,Трехсторонний,Год,Действительный,442685,528949,40.05.03,59915
40507,2019-05-29,Трехсторонний,Год,Недействительный,895222,889915,53.00.00,50621
11740,2020-03-28,Двусторонний,Полгода,Недействительный,353284,294498,53.05.07,59065
45913,2016-07-16,Трехсторонний,Пять лет,Недействительный,593070,448680,10.05.07,53718
16698,2018-02-13,Двусторонний,Полгода,Действительный,455299,779783,51.05.01,59165
87570,2020-02-21,Двусторонний,Пять лет,Недействительный,770988,298060,20.00.00,56598
20316,2018-08-01,Трехсторонний,Четыре года,Действительный,803544,659446,10.00.00,51866
11512,2019-07-13,Трехсторонний,Полгода,Действительный,519751,887587,56.05.04,59023
14261,2017-10-18,Трехсторонний,Полгода,Недействительный,275768,758773,45.00.00,53718
60359,2018-09-05,Трехсторонний,Четыре года,Действительный,284899,423287,01.00.00,57273
38961,2017-05-05,Трехсторонний,Пять лет,Недействительный,217610,613107,55.00.00,53428
42000,2020-04-01,Двусторонний,Год,Действительный,362700,608613,40.05.01,56460
44088,2019-02-21,Трехсторонний,Год,Действительный,501694,801706,05.00.00,56479
26831,2020-01-17,Двусторонний,Полгода,Недействительный,367183,213910,31.05.01,56461
54373,2017-10-13,Трехсторонний,Пять лет,Недействительный,815258,874518,16.00.00,54636
68843,2018-08-29,Трехсторонний,Год,Действительный,771822,522882,53.05.02,50797
50251,2018-10-08,Двусторонний,Шесть лет,Недействительный,700591,707662,24.05.03,53958
25800,2020-02-26,Трехсторонний,Четыре года,Недействительный,515654,471110,10.05.07,52752
24072,2017-08-19,Трехсторонний,Полгода,Недействительный,612971,318201,56.00.00,50376
85229,2018-11-19,Двусторонний,Пять лет,Действительный,405357,142289,24.05.06,57123
49917,2019-02-11,Двусторонний,Год,Действительный,119202,905879,32.00.00,51596
73336,2016-05-08,Двусторонний,Год,Недействительный,206215,773310,38.05.01,50255
51692,2018-03-14,Трехсторонний,Четыре года,Действительный,849892,664633,54.00.00,58494
10320,2019-12-22,Трехсторонний,Пять лет,Действительный,816103,780923,53.05.05,51811
93104,2017-07-22,Трехсторонний,Четыре года,Недействительный,568743,864809,26.05.01,53958
16180,2018-11-16,Трехсторонний,Год,Недействительный,826106,534305,16.05.01,52618
10434,2017-01-02,Двусторонний,Шесть лет,Действительный,667443,393019,25.00.00,56354
86866,2016-04-04,Трехсторонний,Шесть лет,Действительный,552179,297158,17.05.02,50811
52739,2016-01-23,Двусторонний,Полгода,Действительный,482203,523873,52.05.02,53732
29497,2018-08-27,Трехсторонний,Пять лет,Действительный,152419,506162,10.05.01,59934
86433,2018-12-11,Двусторонний,Шесть лет,Действительный,920730,454647,26.05.03,55687
76355,2020-06-29,Трехсторонний,Шесть лет,Действительный,380678,434053,10.00.00,59915
44580,2016-05-16,Двусторонний,Полгода,Действительный,816585,784357,08.05.01,50387
77960,2020-04-19,Двусторонний,Полгода,Недействительный,799026,415563,37.05.01,52311
92161,2016-04-27,Трехсторонний,Год,Недействительный,291195,659868,04.00.00,54723
12119,2017-04-02,Двусторонний,Шесть лет,Действительный,272865,567571,23.05.02,56147
54063,2019-02-28,Двусторонний,Шесть лет,Действительный,942435,654809,06.05.01,56121
21813,2019-10-09,Трехсторонний,Пять лет,Действительный,402190,413314,30.05.01,55047
50924,2020-05-19,Трехсторонний,Полгода,Недействительный,438353,985810,08.05.02,50095
94510,2020-06-20,Двусторонний,Пять лет,Действительный,495466,690609,45.05.01,54755
83741,2019-06-17,Двусторонний,Полгода,Недействительный,285247,476837,27.05.01,54574
78482,2016-08-22,Трехсторонний,Полгода,Действительный,113696,337570,14.05.04,57200
31486,2016-03-11,Трехсторонний,Год,Недействительный,588716,447358,52.05.01,55694
22168,2016-12-16,Трехсторонний,Четыре года,Действительный,910213,459483,11.00.00,55444
40876,2017-06-12,Двусторонний,Шесть лет,Недействительный,361920,758254,08.05.02,56734
95767,2016-05-02,Трехсторонний,Год,Недействительный,784542,869696,37.05.01,51917
88304,2016-09-30,Двусторонний,Пять лет,Действительный,173873,754660,11.05.02,56746
88581,2016-05-09,Трехсторонний,Четыре года,Действительный,152328,994053,44.05.01,50910
91043,2017-03-12,Двусторонний,Шесть лет,Недействительный,501742,473272,21.00.00,50835
58821,2019-03-05,Трехсторонний,Четыре года,Действительный,367753,288121,16.05.01,55282
23573,2017-09-23,Двусторонний,Полгода,Действительный,169730,786786,40.05.01,56307
22899,2017-03-13,Двусторонний,Пять лет,Недействительный,488666,129685,51.00.00,55118
71999,2017-09-23,Трехсторонний,Год,Недействительный,557259,224475,37.05.02,56696
52832,2017-03-22,Двусторонний,Четыре года,Действительный,442346,672367,54.00.00,53350
40371,2017-09-16,Трехсторонний,Четыре года,Действительный,357374,799821,25.05.02,59933
52018,2016-11-02,Трехсторонний,Пять лет,Недействительный,720998,433186,57.05.01,54335
15911,2018-02-18,Двусторонний,Год,Действительный,457855,205927,03.05.01,56553
53321,2018-02-26,Трехсторонний,Шесть лет,Действительный,100159,667505,23.05.05,53791
40350,2020-05-05,Трехсторонний,Четыре года,Действительный,465550,974668,37.05.02,53485
49881,2020-06-16,Двусторонний,Шесть лет,Действительный,338064,519583,24.05.01,53763
26081,2015-08-21,Двусторонний,Год,Действительный,327875,478988,53.05.06,55777
68535,2015-11-21,Двусторонний,Год,Недействительный,390319,771597,27.00.00,53058
22775,2015-10-30,Двусторонний,Шесть лет,Действительный,562341,252150,33.00.00,50342
32709,2019-07-20,Двусторонний,Год,Недействительный,503636,385323,21.05.04,57601
79755,2018-06-10,Двусторонний,Пять лет,Недействительный,710863,483934,24.05.03,59911
65687,2017-10-22,Трехсторонний,Шесть лет,Недействительный,314350,524046,53.05.06,56926
20986,2019-04-23,Трехсторонний,Год,Действительный,122509,104317,57.00.00,57135
58854,2020-07-03,Трехсторонний,Год,Действительный,519216,507503,40.05.01,53427
32557,2017-09-18,Двусторонний,Полгода,Недействительный,440004,633597,10.05.01,56255
80078,2017-09-30,Двусторонний,Год,Действительный,544532,330222,25.00.00,51574
38416,2020-03-25,Трехсторонний,Полгода,Недействительный,651435,582826,40.05.01,53911
44564,2016-02-23,Трехсторонний,Полгода,Действительный,832128,567777,31.05.03,53350
55891,2019-06-29,Трехсторонний,Полгода,Недействительный,178595,325897,05.00.00,50387
75392,2020-08-07,Двусторонний,Четыре года,Действительный,824130,316063,21.05.03,55465
10469,2017-11-09,Трехсторонний,Год,Действительный,896267,528117,54.05.03,55016
12785,2018-02-24,Двусторонний,Пять лет,Недействительный,789885,174878,15.00.00,54512
90850,2015-09-22,Двусторонний,Пять лет,Действительный,786263,948412,17.05.01,53188
21848,2016-01-07,Двусторонний,Полгода,Недействительный,227135,142289,11.00.00,55275
68163,2019-06-07,Трехсторонний,Полгода,Действительный,961016,643126,44.00.00,54735
53960,2020-05-03,Двусторонний,Год,Недействительный,240736,173681,10.05.01,52208
40549,2018-06-13,Трехсторонний,Год,Действительный,965626,182957,38.00.00,52107
11951,2020-07-08,Двусторонний,Шесть лет,Недействительный,334423,351512,24.05.07,55945
90853,2018-03-04,Трехсторонний,Год,Недействительный,253786,869696,57.00.00,54328
50112,2015-10-04,Трехсторонний,Полгода,Действительный,993720,334523,17.05.01,56323
99516,2019-01-02,Трехсторонний,Полгода,Действительный,354137,156128,23.05.03,55872
28050,2016-07-19,Двусторонний,Полгода,Действительный,134765,544582,37.05.01,59685
67166,2020-01-28,Трехсторонний,Год,Недействительный,386028,967647,54.05.01,56893
97841,2017-06-13,Двусторонний,Четыре года,Действительный,706462,164020,56.05.05,55804
27645,2018-04-13,Трехсторонний,Год,Действительный,515261,959082,31.05.01,53090
65932,2015-11-04,Двусторонний,Четыре года,Действительный,256415,997689,37.05.01,53959
62627,2019-08-10,Трехсторонний,Шесть лет,Действительный,116618,692677,17.05.01,56602
71861,2017-03-26,Трехсторонний,Пять лет,Недействительный,134199,121541,37.05.02,58841
68534,2016-05-08,Двусторонний,Полгода,Действительный,194006,967647,09.00.00,56131
51434,2016-08-03,Трехсторонний,Шесть лет,Недействительный,600056,908129,20.00.00,53540
89616,2018-10-25,Трехсторонний,Полгода,Действительный,577910,285752,40.00.00,50140
88339,2018-05-11,Трехсторонний,Шесть лет,Действительный,792027,276572,21.00.00,50729
37367,2020-06-22,Двусторонний,Пять лет,Действительный,198081,862595,24.05.02,55604
83759,2017-05-03,Трехсторонний,Пять лет,Недействительный,635489,817879,10.05.07,54585
90610,2016-05-25,Двусторонний,Полгода,Действительный,448901,141725,24.05.01,51144
57996,2019-08-14,Двусторонний,Полгода,Недействительный,792889,384757,08.05.01,54558
15514,2018-07-01,Двусторонний,Четыре года,Недействительный,860197,833157,25.05.02,51911
29773,2015-10-27,Трехсторонний,Шесть лет,Недействительный,596160,452923,13.00.00,54558
46666,2019-03-17,Трехсторонний,Шесть лет,Действительный,494646,697632,51.00.00,51999
46100,2016-11-04,Трехсторонний,Год,Недействительный,903678,928236,30.05.01,59129
43119,2017-12-05,Двусторонний,Пять лет,Недействительный,326608,805939,57.05.01,54377
35905,2017-05-05,Двусторонний,Полгода,Недействительный,264218,273150,27.00.00,59954
34818,2016-10-21,Трехсторонний,Шесть лет,Недействительный,128511,779047,37.05.02,51011
47295,2019-07-25,Двусторонний,Полгода,Действительный,992631,857416,24.05.06,52246
74322,2018-02-25,Трехсторонний,Год,Действительный,238549,664633,04.05.01,54080
43157,2020-02-07,Трехсторонний,Четыре года,Недействительный,763363,728368,18.00.00,51818
41177,2016-07-03,Трехсторонний,Четыре года,Действительный,332954,659755,10.05.01,51911
20390,2020-08-14,Трехсторонний,Четыре года,Действительный,920730,981777,11.05.04,53797
17178,2020-04-30,Трехсторонний,Год,Действительный,494718,753669,26.05.03,58615
83234,2019-05-09,Двусторонний,Полгода,Действительный,564448,262602,23.05.04,50502
30996,2019-04-08,Двусторонний,Полгода,Действительный,888241,315876,52.05.01,55016
44103,2019-04-02,Трехсторонний,Шесть лет,Недействительный,906044,884479,31.05.02,54346
22415,2016-01-15,Двусторонний,Полгода,Недействительный,238780,793775,44.00.00,57173
16833,2016-03-17,Трехсторонний,Пять лет,Недействительный,780168,192851,32.00.00,55787
71497,2016-08-05,Трехсторонний,Пять лет,Действительный,710951,881001,30.00.00,55694
28049,2017-07-22,Трехсторонний,Год,Действительный,246787,967647,03.05.01,58433
86392,2016-08-06,Двусторонний,Пять лет,Действительный,430966,742924,10.05.01,55563
28367,2020-02-20,Двусторонний,Полгода,Недействительный,396356,889915,24.05.02,53472
27930,2020-03-14,Двусторонний,Четыре года,Действительный,305564,249343,04.05.01,57555
99089,2020-09-13,Двусторонний,Пять лет,Недействительный,683058,270100,33.00.00,50156
43422,2020-04-11,Трехсторонний,Пять лет,Действительный,982586,537406,10.05.03,53021
55112,2017-05-22,Двусторонний,Полгода,Недействительный,545076,190429,23.05.05,55540
35403,2019-06-30,Трехсторонний,Полгода,Недействительный,909867,675581,31.05.03,51896
56123,2017-01-04,Трехсторонний,Полгода,Недействительный,824157,890141,21.05.04,55200
23897,2016-11-21,Трехсторонний,Шесть лет,Недействительный,210499,645058,56.05.02,53558
84027,2017-09-02,Двусторонний,Пять лет,Действительный,636830,914398,37.05.01,52501
32237,2020-07-25,Двусторонний,Шесть лет,Недействительный,107157,246760,33.00.00,56783
63821,2020-02-21,Трехсторонний,Четыре года,Действительный,782335,997505,55.05.01,57273
23887,2019-02-17,Двусторонний,Полгода,Недействительный,114245,739331,13.00.00,54256
91116,2016-08-17,Трехсторонний,Полгода,Недействительный,581881,309974,14.05.01,54045
36411,2019-11-10,Двусторонний,Полгода,Действительный,828107,962744,37.05.01,50354
87073,2019-12-22,Трехсторонний,Четыре года,Недействительный,375133,371309,14.05.01,55465
17979,2020-01-22,Двусторонний,Шесть лет,Недействительный,540652,847380,53.05.03,52756
68462,2020-01-12,Двусторонний,Год,Действительный,263425,795125,36.05.01,59808
57017,2018-03-22,Трехсторонний,Четыре года,Действительный,257499,277240,20.05.01,54553
30245,2020-03-02,Трехсторонний,Полгода,Недействительный,275567,122672,31.05.03,53789
17985,2019-07-10,Трехсторонний,Пять лет,Недействительный,520670,728272,23.05.05,59180
40960,2020-05-08,Трехсторонний,Четыре года,Недействительный,732506,969716,53.05.07,53827
86029,2019-09-20,Трехсторонний,Год,Недействительный,839867,489275,17.05.01,58727
59587,2016-07-10,Трехсторонний,Шесть лет,Действительный,932844,905997,52.05.01,51064
15218,2019-03-29,Двусторонний,Шесть лет,Недействительный,381793,350992,45.05.01,57631
76407,2019-06-10,Двусторонний,Четыре года,Недействительный,275567,869707,11.05.04,53992
14992,2016-09-22,Двусторонний,Четыре года,Действительный,268853,179726,52.05.03,56833
71782,2016-03-14,Двусторонний,Пять лет,Недействительный,386411,997604,03.00.00,55502
58092,2020-06-02,Трехсторонний,Четыре года,Действительный,905379,913043,01.05.01,56829
58389,2019-06-19,Двусторонний,Полгода,Недействительный,725623,340395,09.00.00,59129
49920,2019-12-28,Трехсторонний,Пять лет,Действительный,880859,348717,54.05.03,50370
15929,2017-07-06,Трехсторонний,Шесть лет,Недействительный,118834,100504,13.05.02,57450
56220,2018-02-14,Трехсторонний,Четыре года,Действительный,828298,601272,31.05.03,52089
13934,2018-02-28,Двусторонний,Пять лет,Действительный,490353,801706,11.05.03,53741
18916,2015-11-23,Двусторонний,Шесть лет,Недействительный,521740,424630,30.05.01,59606
21026,2017-06-25,Трехсторонний,Шесть лет,Недействительный,549511,537406,36.05.01,53340
73342,2016-11-11,Двусторонний,Четыре года,Недействительный,102226,450727,54.05.01,50481
56475,2019-10-14,Двусторонний,Шесть лет,Действительный,462777,514421,54.05.05,57951
99968,2017-08-15,Трехсторонний,Четыре года,Действительный,950277,224475,26.05.02,53149
99644,2020-07-02,Двусторонний,Пять лет,Действительный,818443,922614,23.05.03,59271
83114,2019-01-24,Двусторонний,Полгода,Действительный,760759,718945,08.05.02,59915
87009,2016-04-02,Трехсторонний,Четыре года,Действительный,203246,393837,09.00.00,57765
70450,2018-01-24,Трехсторонний,Год,Действительный,145727,967647,10.05.02,51144
26157,2020-04-27,Трехсторонний,Полгода,Действительный,585576,366038,13.05.02,57766
68463,2017-01-11,Двусторонний,Год,Действительный,349001,472862,08.05.01,50532
40596,2018-03-28,Двусторонний,Пять лет,Действительный,807699,691688,23.05.03,50389
66200,2019-01-17,Трехсторонний,Пять лет,Действительный,998183,108745,56.05.03,53329
89622,2016-12-21,Трехсторонний,Год,Недействительный,133309,499534,26.00.00,57088
33973,2017-12-13,Трехсторонний,Год,Действительный,557520,864411,08.05.02,50129
39910,2018-04-04,Трехсторонний,Шесть лет,Недействительный,981053,803018,53.05.02,50095
71967,2015-12-17,Двусторонний,Год,Действительный,992127,905483,11.00.00,57653
84743,2019-05-19,Двусторонний,Полгода,Действительный,250432,129685,17.05.04,51516
36526,2018-12-30,Трехсторонний,Полгода,Недействительный,315007,929277,18.00.00,51382
77927,2018-09-28,Двусторонний,Год,Недействительный,970904,573663,14.05.01,57748
80064,2019-02-25,Двусторонний,Шесть лет,Действительный,613264,593114,25.05.01,54299
73565,2016-07-18,Двусторонний,Четыре года,Действительный,412933,891042,56.00.00,54053
92965,2017-03-21,Двусторонний,Пять лет,Действительный,163879,653673,52.05.04,57626
48508,2019-03-30,Двусторонний,Пять лет,Недействительный,544833,821680,26.05.02,54241
96005,2019-06-30,Двусторонний,Шесть лет,Недействительный,918299,839533,45.05.01,57196
73974,2017-01-13,Двусторонний,Пять лет,Действительный,612700,162045,21.05.05,50502
92245,2018-07-25,Трехсторонний,Полгода,Недействительный,653624,866716,32.05.01,56829
59559,2018-04-27,Трехсторонний,Четыре года,Недействительный,442346,335094,32.05.01,50837
10704,2016-11-13,Трехсторонний,Шесть лет,Действительный,376182,896293,05.00.00,57601
51971,2015-09-03,Двусторонний,Четыре года,Недействительный,279137,265313,54.05.04,58806
46055,2016-10-12,Двусторонний,Четыре года,Действительный,297194,112201,54.05.02,57995
67145,2020-05-05,Трехсторонний,Год,Недействительный,381916,506162,17.05.03,50919
24504,2019-10-13,Двусторонний,Пять лет,Действительный,621525,776213,54.05.03,52284
79407,2017-10-01,Трехсторонний,Четыре года,Недействительный,362136,677817,01.05.01,52991
25373,2019-04-30,Трехсторонний,Пять лет,Недействительный,286715,316689,25.05.02,52529
62106,2018-09-18,Трехсторонний,Полгода,Действительный,346190,930813,11.05.02,51394
79027,2017-03-31,Трехсторонний,Шесть лет,Действительный,819882,140028,56.05.04,55118
69030,2016-09-06,Двусторонний,Год,Недействительный,706165,115673,16.05.01,50985
18506,2017-11-15,Двусторонний,Пять лет,Действительный,527973,337570,23.05.02,51463
85149,2018-08-26,Трехсторонний,Год,Недействительный,688140,739331,26.05.05,54436
79319,2017-06-09,Двусторонний,Четыре года,Недействительный,941705,454031,06.00.00,52569
83286,2016-03-09,Трехсторонний,Шесть лет,Действительный,939197,877421,05.05.02,58727
30721,2018-09-24,Двусторонний,Полгода,Действительный,307024,219739,53.05.04,57748
28958,2016-08-30,Двусторонний,Год,Действительный,328650,573663,14.05.01,50290
31780,2016-02-06,Двусторонний,Год,Действительный,489267,925241,13.05.01,53613
73295,2015-09-02,Трехсторонний,Пять лет,Недействительный,386545,864411,26.05.06,54553
42041,2018-07-16,Трехсторонний,Год,Недействительный,798458,997604,10.05.01,53364
29881,2018-06-04,Трехсторонний,Шесть лет,Действительный,317090,808064,26.05.03,54775
23334,2019-12-12,Двусторонний,Полгода,Действительный,560671,585239,23.05.03,51199
21220,2018-10-08,Трехсторонний,Пять лет,Действительный,192189,789421,05.05.02,53827
17448,2018-05-04,Трехсторонний,Полгода,Действительный,351247,231718,23.05.06,57113
59173,2020-01-26,Трехсторонний,Пять лет,Недействительный,207240,441661,24.05.02,58816
37721,2018-02-24,Трехсторонний,Год,Недействительный,433265,884881,24.05.06,56552
29094,2020-04-10,Трехсторонний,Полгода,Действительный,180148,494027,38.05.02,56937
54968,2020-06-07,Трехсторонний,Год,Недействительный,182639,481077,20.05.01,54512
64230,2017-07-25,Трехсторонний,Год,Недействительный,285698,651290,25.05.02,52632
78898,2016-09-17,Трехсторонний,Шесть лет,Действительный,379156,446209,55.05.03,51989
46582,2018-02-04,Трехсторонний,Год,Действительный,947054,489275,54.00.00,55827
49227,2020-01-30,Двусторонний,Пять лет,Действительный,640504,576157,37.00.00,50245
70143,2015-11-03,Двусторонний,Пять лет,Действительный,196704,914398,24.05.02,50306
14850,2016-07-12,Трехсторонний,Пять лет,Действительный,598083,510359,53.05.07,57728
99631,2020-06-30,Двусторонний,Пять лет,Недействительный,987410,908225,37.05.02,53329
83648,2017-02-02,Трехсторонний,Пять лет,Недействительный,490713,522313,32.00.00,56354
42626,2016-11-01,Двусторонний,Полгода,Недействительный,521675,983714,14.05.04,56512
40808,2018-05-20,Двусторонний,Четыре года,Недействительный,119762,310998,26.05.04,54531
62543,2015-11-05,Трехсторонний,Четыре года,Действительный,833147,792304,25.00.00,58998
17282,2019-11-16,Двусторонний,Шесть лет,Недействительный,573965,592537,25.00.00,54313
59573,2018-12-01,Трехсторонний,Пять лет,Недействительный,206182,754660,38.00.00,55182
13311,2019-11-14,Двусторонний,Пять лет,Действительный,588728,839533,23.05.06,54687
11783,2020-02-08,Двусторонний,Пять лет,Недействительный,991224,823710,26.05.04,59808
43892,2015-11-21,Трехсторонний,Пять лет,Недействительный,508517,928465,24.05.06,51811
19714,2020-09-12,Трехсторонний,Четыре года,Действительный,969884,833576,31.00.00,58557
91715,2016-07-22,Трехсторонний,Шесть лет,Действительный,403443,952132,53.05.07,52546
38609,2016-12-27,Двусторонний,Год,Недействительный,336935,979381,38.00.00,56082
48411,2018-02-14,Двусторонний,Шесть лет,Недействительный,988150,872079,24.05.06,53750
76644,2016-03-09,Двусторонний,Четыре года,Недействительный,714752,848603,55.05.02,52208
54304,2016-08-23,Трехсторонний,Шесть лет,Недействительный,963364,124994,53.05.07,53547
88781,2020-04-26,Трехсторонний,Четыре года,Действительный,971855,973077,10.05.06,53338
37657,2018-05-09,Двусторонний,Шесть лет,Недействительный,680241,121674,40.05.03,52175
69627,2017-07-03,Трехсторонний,Шесть лет,Действительный,608139,237561,27.05.01,56553
73431,2019-05-09,Двусторонний,Полгода,Действительный,604179,844105,24.05.05,50209
44851,2017-06-01,Трехсторонний,Год,Действительный,753072,685078,25.05.01,56879
27844,2016-12-18,Трехсторонний,Полгода,Действительный,798675,273150,53.05.03,55906
86997,2016-11-21,Двусторонний,Год,Недействительный,386821,273772,21.05.05,55815
35018,2017-06-17,Трехсторонний,Год,Действительный,992563,906204,52.05.03,58615
61335,2018-10-24,Трехсторонний,Пять лет,Недействительный,912067,144584,30.00.00,51107
94949,2018-07-19,Трехсторонний,Шесть лет,Недействительный,374581,159816,55.05.02,56202
20598,2015-09-07,Двусторонний,Полгода,Недействительный,719750,894308,26.05.04,55051
84158,2017-03-05,Двусторонний,Четыре года,Недействительный,826632,906692,56.05.03,57138
26489,2016-07-15,Трехсторонний,Шесть лет,Недействительный,684335,524046,24.05.04,56696
79081,2016-04-01,Трехсторонний,Полгода,Недействительный,236665,726681,21.05.06,51682
14573,2017-02-10,Двусторонний,Четыре года,Недействительный,992563,767058,31.05.01,54649
20511,2018-08-13,Трехсторонний,Год,Недействительный,160304,659561,15.05.01,56857
81560,2016-10-11,Двусторонний,Четыре года,Недействительный,231425,884881,21.05.01,51000
11723,2016-10-10,Трехсторонний,Полгода,Действительный,735713,927008,25.05.03,50354
87152,2016-01-04,Трехсторонний,Год,Действительный,904273,477208,30.05.03,50571
99959,2018-11-07,Трехсторонний,Пять лет,Действительный,612924,775174,16.05.01,58284
97194,2019-09-06,Двусторонний,Полгода,Действительный,308484,350992,20.05.01,52551
40614,2018-03-15,Трехсторонний,Пять лет,Действительный,437513,248183,26.05.02,52208
50790,2017-10-08,Трехсторонний,Пять лет,Недействительный,798458,156128,17.00.00,51394
85586,2016-11-20,Трехсторонний,Шесть лет,Действительный,299088,926492,23.05.01,54146
19040,2018-12-05,Двусторонний,Полгода,Недействительный,311671,925241,51.00.00,57364
18219,2018-01-09,Трехсторонний,Четыре года,Действительный,903658,128618,10.05.02,55996
84317,2016-06-09,Двусторонний,Полгода,Недействительный,681528,997604,03.00.00,55107
55247,2016-04-14,Трехсторонний,Год,Действительный,732506,371309,24.05.01,55096
28172,2018-12-19,Трехсторонний,Пять лет,Действительный,620676,108745,21.05.04,56855
26277,2019-08-13,Двусторонний,Четыре года,Недействительный,766416,999028,16.05.01,53472
87517,2016-12-22,Двусторонний,Пять лет,Действительный,620455,476837,20.00.00,56131
65856,2018-03-03,Трехсторонний,Пять лет,Действительный,268209,839533,24.05.02,52799
92795,2017-06-30,Трехсторонний,Пять лет,Действительный,834477,680615,38.05.01,52540
40819,2018-07-21,Двусторонний,Год,Недействительный,346855,923946,06.00.00,54854
62087,2016-05-12,Трехсторонний,Пять лет,Недействительный,119778,371826,32.00.00,59397
21932,2020-01-08,Двусторонний,Год,Действительный,470050,710881,17.05.01,50571
64446,2016-01-03,Двусторонний,Год,Действительный,253174,295103,56.05.04,58487
62042,2019-04-23,Трехсторонний,Шесть лет,Недействительный,656191,723819,10.00.00,57150
68892,2016-02-02,Двусторонний,Четыре года,Действительный,304566,657091,55.05.04,56378
37819,2017-07-28,Двусторонний,Шесть лет,Действительный,862876,461870,40.05.01,53402
90946,2019-07-24,Трехсторонний,Шесть лет,Действительный,712185,510359,05.05.02,52551
35769,2019-08-28,Трехсторонний,Полгода,Недействительный,126082,225052,26.05.06,53741
73341,2017-10-11,Двусторонний,Полгода,Недействительный,302433,592601,04.00.00,59779
87507,2017-07-10,Трехсторонний,Полгода,Действительный,946983,735521,51.00.00,51565
77426,2019-01-27,Двусторонний,Шесть лет,Действительный,857041,287018,12.05.01,53352
56902,2016-08-04,Двусторонний,Полгода,Недействительный,771235,514421,55.05.01,54241
58840,2020-08-30,Двусторонний,Шесть лет,Недействительный,467589,211562,25.00.00,50176
25600,2016-02-11,Трехсторонний,Четыре года,Недействительный,825258,800120,51.05.01,54723
76101,2017-08-31,Двусторонний,Четыре года,Недействительный,110824,969716,17.05.02,57271
82986,2017-03-27,Трехсторонний,Полгода,Недействительный,718786,485354,44.00.00,50359
65579,2017-03-12,Трехсторонний,Пять лет,Действительный,815729,543729,45.00.00,51999
38483,2015-12-19,Двусторонний,Полгода,Недействительный,495803,732088,11.00.00,53149
57975,2019-03-28,Трехсторонний,Полгода,Недействительный,939197,434206,38.05.02,50342
49738,2018-10-11,Двусторонний,Шесть лет,Недействительный,415616,997604,24.00.00,56744
10167,2017-08-17,Двусторонний,Четыре года,Действительный,758474,673271,56.05.05,58494
51460,2020-01-20,Трехсторонний,Пять лет,Действительный,992563,148391,21.05.03,56323
19367,2017-01-27,Трехсторонний,Четыре года,Действительный,853338,563628,55.05.01,57113
92059,2018-05-01,Двусторонний,Шесть лет,Действительный,768878,434053,13.05.02,54512
25107,2018-02-25,Двусторонний,Шесть лет,Недействительный,671162,446209,54.00.00,58344
59332,2019-09-04,Трехсторонний,Четыре года,Недействительный,216699,554420,44.05.01,57867
43199,2019-05-17,Трехсторонний,Год,Недействительный,187468,758773,16.00.00,59462
81956,2019-02-16,Трехсторонний,Полгода,Недействительный,783398,367747,26.05.04,55811
39253,2016-09-08,Двусторонний,Пять лет,Недействительный,982211,786154,33.00.00,52567
82544,2016-12-09,Трехсторонний,Год,Действительный,786252,773521,40.05.02,59614
64640,2018-02-04,Двусторонний,Полгода,Действительный,242056,615167,38.00.00,50280
74732,2018-03-29,Двусторонний,Пять лет,Недействительный,934366,667505,31.05.03,59915
40855,2017-05-22,Двусторонний,Четыре года,Действительный,771220,155593,21.05.03,56286
34386,2019-06-14,Трехсторонний,Шесть лет,Недействительный,226227,707662,24.05.05,59375
43334,2016-04-15,Трехсторонний,Четыре года,Действительный,391532,415563,26.05.03,50658
47360,2020-06-22,Трехсторонний,Год,Недействительный,908962,260198,12.05.01,59462
26302,2016-09-20,Трехсторонний,Полгода,Действительный,290541,800120,10.05.01,52036
86056,2018-03-13,Трехсторонний,Год,Действительный,433525,216119,16.00.00,55502
24468,2016-10-13,Двусторонний,Пять лет,Недействительный,517869,577429,13.05.01,55444
38047,2019-01-11,Трехсторонний,Четыре года,Действительный,377082,918641,11.00.00,59057
59079,2015-12-07,Трехсторонний,Полгода,Недействительный,681368,673271,21.05.02,59630
97507,2018-11-29,Двусторонний,Пять лет,Недействительный,684225,192851,23.05.03,57628
88579,2018-08-04,Трехсторонний,Год,Действительный,246512,144925,10.05.05,59614
53947,2015-11-21,Трехсторонний,Четыре года,Недействительный,999171,591698,30.05.03,59279
55835,2017-03-03,Трехсторонний,Четыре года,Действительный,129749,211562,18.05.02,59187
48720,2016-04-15,Трехсторонний,Шесть лет,Действительный,832464,771457,37.00.00,58858
55715,2016-11-04,Трехсторонний,Шесть лет,Недействительный,252570,307603,11.05.03,56416
34199,2020-01-15,Двусторонний,Пять лет,Недействительный,443747,221469,40.00.00,50460
65269,2020-08-23,Двусторонний,Пять лет,Действительный,832770,336722,14.00.00,55727
73010,2019-08-10,Двусторонний,Полгода,Недействительный,643006,683812,05.05.01,56602
46313,2020-01-15,Двусторонний,Шесть лет,Действительный,519409,817479,38.05.02,56659
51176,2016-05-04,Трехсторонний,Шесть лет,Недействительный,229543,508689,23.05.04,54806
75880,2020-07-12,Двусторонний,Четыре года,Недействительный,786107,864411,08.00.00,50811
29546,2017-06-19,Двусторонний,Год,Недействительный,502722,779047,10.05.07,50169
90865,2017-12-08,Двусторонний,Четыре года,Недействительный,828892,520418,21.05.01,54873
50718,2016-05-11,Двусторонний,Пять лет,Недействительный,376497,508689,52.05.03,53305
46511,2020-09-03,Двусторонний,Четыре года,Действительный,422903,240700,52.00.00,57554
60928,2017-10-22,Трехсторонний,Пять лет,Действительный,538896,870789,11.05.01,56395
39922,2017-02-12,Трехсторонний,Пять лет,Действительный,790129,950578,11.05.04,58499
65354,2018-09-07,Двусторонний,Пять лет,Действительный,250646,878116,20.00.00,58152
43968,2020-05-03,Трехсторонний,Пять лет,Действительный,549682,983714,10.05.05,58336
74205,2019-06-28,Трехсторонний,Шесть лет,Недействительный,220592,562647,38.00.00,55727
82849,2019-11-19,Двусторонний,Полгода,Действительный,557958,989788,18.00.00,58594
70211,2017-02-28,Трехсторонний,Пять лет,Недействительный,175812,577429,55.05.03,52917
71914,2019-02-28,Двусторонний,Шесть лет,Действительный,907829,144925,54.05.05,53217
38810,2020-09-12,Двусторонний,Пять лет,Действительный,231752,128618,08.05.02,50370
39773,2019-07-29,Трехсторонний,Пять лет,Недействительный,492425,923946,52.00.00,50628
98872,2016-11-10,Трехсторонний,Четыре года,Недействительный,235830,173681,33.05.01,51444
49612,2017-07-23,Трехсторонний,Пять лет,Недействительный,248173,581626,08.00.00,56299
93089,2018-01-15,Двусторонний,Четыре года,Действительный,179618,567571,14.05.03,55275
79517,2017-05-18,Двусторонний,Год,Недействительный,104404,287018,18.00.00,55693
94945,2017-03-27,Трехсторонний,Шесть лет,Недействительный,261926,182957,14.05.01,56476
80192,2015-10-29,Двусторонний,Четыре года,Недействительный,349236,182957,08.00.00,58520
62121,2019-04-02,Двусторонний,Полгода,Недействительный,390319,986712,08.05.02,55465
64027,2016-03-13,Двусторонний,Шесть лет,Недействительный,745287,378699,45.05.01,58557
40971,2018-01-18,Двусторонний,Шесть лет,Недействительный,225027,718945,55.00.00,50065
17748,2018-02-22,Двусторонний,Шесть лет,Действительный,127424,854402,23.05.06,52845
33860,2017-11-19,Двусторонний,Четыре года,Недействительный,255554,112201,45.05.01,50460
19711,2017-11-28,Трехсторонний,Полгода,Недействительный,909867,348003,56.05.04,55929
51194,2018-02-09,Трехсторонний,Полгода,Действительный,901671,726681,53.00.00,58537
33631,2020-03-10,Двусторонний,Год,Недействительный,266050,799821,10.05.07,53613
61124,2019-06-27,Трехсторонний,Шесть лет,Недействительный,558428,367747,20.05.01,55988
99071,2016-06-10,Двусторонний,Полгода,Действительный,927062,748588,44.05.01,59115
86446,2020-09-02,Двусторонний,Четыре года,Недействительный,769338,121541,11.00.00,54574
88863,2016-11-26,Двусторонний,Пять лет,Недействительный,487562,305318,40.00.00,54574
74596,2016-02-04,Двусторонний,Четыре года,Недействительный,311248,758783,15.05.01,58553
87645,2018-09-02,Трехсторонний,Полгода,Недействительный,235351,905483,26.00.00,51026
66960,2018-05-10,Трехсторонний,Год,Недействительный,172887,869858,01.00.00,57173
64578,2016-12-07,Трехсторонний,Год,Недействительный,320395,671885,53.05.06,56334
63989,2019-01-26,Двусторонний,Шесть лет,Действительный,822676,689005,14.05.04,55029
40104,2016-11-13,Двусторонний,Полгода,Действительный,776152,101208,10.05.03,56732
41811,2017-03-10,Трехсторонний,Четыре года,Действительный,700551,875987,10.05.06,56833
51712,2020-07-27,Двусторонний,Полгода,Действительный,501742,290549,37.05.01,51520
52506,2016-10-29,Двусторонний,Шесть лет,Недействительный,176420,723862,13.05.02,55765
61078,2016-12-18,Двусторонний,Пять лет,Действительный,125717,425553,57.00.00,56704
78802,2020-11-21,Двусторонний,Четыре года,Действительный,226034,134961,55.00.00,51896
